ID,TARGET
24,-6.075090082
28,-3.979152554
29,-3.937695901
33,-6.012179594
58,-0.880865792
71,-7.326240214
86,-4.440161845
88,-5.215344315
89,-5.858595126
107,-8.403344368
108,-0.860704784
109,-9.55864226
110,-6.080557912
113,-7.170769602
114,-4.834255161
115,-4.569312154
120,-6.529876774
136,0.130475007
147,-5.728119063
150,-7.649815722
158,-5.790156972
164,-4.068864179
167,-1.053612584
169,-3.360381282
174,-6.607524853
183,-9.501834781
184,-3.321014572
185,-1.686053676
189,-7.846686078
192,-6.309567225
195,-9.083531514
208,-3.716168379
209,-8.656377287
217,-0.731043965
219,-2.487252518
221,-10.54977035
223,-8.300213555
227,-5.042159428
229,-9.366643658
243,-3.28493316
251,-8.700177979
257,-6.821907249
258,-3.548296209
262,-5.598178165
265,-4.304629423
274,-9.711414737
286,-3.783504607
310,-5.502819919
311,-6.976179493
317,-0.308966538
323,-0.769504336
327,-4.686027202
330,-7.833760247
334,-7.627775051
343,-7.572838912
346,-1.108603622
350,-6.884085361
352,-3.681794843
357,-6.612089703
373,-8.10039023
384,-6.038290533
388,-8.485453969
391,-4.984859332
399,-4.164606145
406,-5.28601916
412,-6.355839959
413,-1.590759557
441,-8.111668189
445,-4.249134535
460,-3.65821254
467,-0.251938104
470,-8.333060959
474,-4.35196018
478,-4.858295205
480,-6.677525015
482,-9.04631526
491,-5.718080707
494,-5.559644385
495,-7.440985679
503,-1.99847568
504,-1.488864406
507,-6.667626554
512,0.254227669
514,-8.145334369
516,-0.810354016
517,-8.639121562
523,-1.715339094
524,-6.93391002
533,-6.851483486
549,-7.49314391
559,-5.642294005
566,-8.720477248
570,-8.887093307
582,-8.425251268
586,-9.678444715
590,-2.601052641
593,-4.884589327
612,-6.949302892
615,-1.775413134
633,-8.813643625
642,-3.545643689
644,-0.256123727
646,-5.1007873
655,-11.408630836
666,-4.096377674
673,-5.698939422
685,-8.649221733
702,-4.629435506
707,-7.22954586
723,-9.67283615
728,-11.922392732
729,-5.104132196
732,-7.621327961
735,-2.018833058
740,-2.233545067
742,-4.069993729
747,-3.621067329
750,-6.710590907
752,-8.266841244
755,-1.875318837
766,-0.903390178
771,-8.1074672
775,-5.60614452
776,0.248874153
780,-8.08453206
783,-7.073626905
787,-5.774161555
798,-4.301853
800,-9.3380111
810,-4.182729717
820,-4.618155642
823,-6.55825593
830,-7.76035277
834,-6.454614968
835,-7.437517376
837,-1.977471472
838,-3.807939029
842,-9.184999846
847,-4.110471594
859,-13.410277189
870,-2.834193665
889,-10.048463529
892,-8.339337553
894,-8.404555172
903,-10.108057107
904,-6.269265164
905,-5.703105858
907,-7.41073197
908,-3.270564425
911,-4.75422201
918,-2.410672062
930,-6.342141792
933,-9.9742361
936,-4.628923928
943,-4.609189795
956,2.094632739
961,-4.479554319
967,-1.719159283
972,-7.099241423
975,-6.347109355
981,-10.431957508
991,-11.54507583
994,-2.933884282
997,-4.648200578
1003,-1.005963061
1008,-8.122824412
1011,-4.260182274
1015,-4.466209532
1016,-2.179616611
1018,-11.122575765
1029,-4.209066317
1032,-4.175692783
1037,-6.089147655
1039,-5.769019534
1045,-1.870373004
1053,-5.537017514
1060,-2.66536031
1064,-11.938240583
1066,-8.410969243
1073,-6.14038948
1075,-3.887411527
1079,-3.767405426
1083,-1.603038502
1086,-6.913445631
1092,-6.988643914
1094,-9.043587399
1098,-8.499281697
1099,-5.91819187
1102,-6.445167765
1110,-8.511200627
1111,-7.053101536
1116,-5.806434657
1119,-6.913445631
1128,-2.920266526
1130,-5.738712803
1137,-4.103560589
1149,-0.837427845
1151,-4.061347061
1159,-3.160954606
1168,-5.881744877
1181,-5.468256415
1189,-3.40136699
1190,-2.572587811
1192,-5.262723753
1196,-3.848912746
1199,-6.339148069
1201,-3.949166948
1208,-5.356886774
1230,-4.588748273
1231,-8.169703553
1244,-4.170908043
1246,-6.311207228
1250,-7.913806984
1260,-5.438395316
1270,-8.372668147
1271,-5.095903279
1277,-6.324576915
1278,-8.529631221
1293,-3.956780515
1299,-3.848105733
1319,-3.823660003
1321,-2.088458931
1329,-3.695721416
1338,-2.170908445
1342,-9.218962229
1347,-7.144327659
1350,-6.362329392
1351,-3.375484651
1352,-8.26750704
1360,-7.897214877
1367,-4.286950244
1370,-5.582326794
1373,-5.714388827
1374,-6.398823768
1375,-7.604688743
1380,-8.626033564
1393,-4.754090688
1411,-4.901498982
1415,-5.651727912
1429,-7.244091085
1451,-3.5726455
1453,-3.300169196
1455,-7.015322482
1475,-2.188168484
1485,-8.456002158
1497,-5.726968607
1502,-7.961861927
1508,-5.117108504
1512,-4.922109509
1517,-5.200218057
1518,-4.465236429
1519,-6.154427331
1520,-0.594826689
1523,-3.947460432
1529,-6.049339374
1530,-4.583045327
1531,-7.7527848
1532,-9.870090528
1538,-6.847597296
1551,-4.459465138
1560,-5.359400823
1563,-4.698418253
1565,-1.703971981
1569,-6.906364468
1570,-7.585477809
1571,-9.37296473
1591,-6.674916819
1595,-12.011033521
1596,-9.876805592
1602,-0.674210844
1604,-8.656520967
1613,-8.068589147
1620,-8.772934384
1623,-4.433851757
1627,-8.922538521
1633,-7.282676197
1641,-9.957377828
1642,-2.188703881
1646,-7.877365278
1648,-6.78347051
1649,-1.43529742
1651,-8.362241992
1652,-3.56144672
1653,-4.211023294
1661,-4.681488837
1665,-3.405401608
1677,-4.628294353
1682,-3.039698061
1684,-6.619727934
1689,0.861328943
1691,-3.655148751
1695,-6.06536904
1709,-3.708432611
1717,-7.127323914
1725,-15.550884758
1728,-1.397208397
1733,-3.262008073
1735,-6.49926563
1744,-8.343308697
1754,-12.516717977
1756,-6.397543145
1760,-8.252813701
1761,-4.927433407
1777,-3.699714545
1781,-7.12882739
1782,-2.244222462
1784,-4.461692912
1793,-7.133631367
1806,-7.138537125
1809,-6.107513831
1816,-8.213672971
1824,-8.50793615
1829,-2.194916746
1840,-10.325156115
1847,-5.135825866
1848,-7.291719587
1850,-6.502329921
1858,-7.30101184
1877,-9.281636948
1878,-2.88646346
1886,-4.676519929
1888,0.28426417
1893,-2.199852422
1902,-2.214346979
1909,-4.009378123
1910,-2.299520766
1918,-2.004594124
1959,-7.303465103
1961,-8.311320106
1968,-3.287441331
1981,-2.288482066
2003,-0.274608714
2006,-2.806395271
2009,-3.775296796
2016,-7.471742153
2023,-2.556495155
2033,-1.022571738
2039,-8.366220912
2044,-8.002313705
2047,-8.099785039
2056,-4.809661787
2072,-1.968574235
2078,-4.925693555
2080,-1.444809416
2082,-4.427018318
2091,-0.513515426
2092,-6.965779336
2100,-9.142074876
2106,-1.049706859
2108,-1.786093145
2111,-6.527170856
2113,-5.007741568
2117,-8.176689684
2144,-1.91631939
2146,-6.836434648
2150,-9.545696606
2162,-2.728107023
2168,-2.670594664
2170,-3.742343188
2180,-3.36885663
2185,-3.868777098
2188,-3.808028123
2191,-5.382975794
2199,-5.844564483
2201,-7.768736191
2204,-5.208972673
2208,-4.384842574
2219,0.388417943
2222,-8.409417561
2236,-6.461370384
2241,-6.269387292
2258,-6.094102689
2261,-1.470223765
2265,-4.516673023
2272,-5.027171217
2273,-9.746993593
2274,-4.848579661
2282,-6.54213633
2294,-6.966993399
2301,-2.574808727
2313,-2.499156891
2315,-4.296030079
2336,-6.195481458
2347,-4.629374028
2357,-3.725667017
2366,-2.879353227
2368,-7.544725061
2378,-9.193321
2379,-6.648758438
2381,-5.676550882
2387,-3.313198656
2390,-7.224613263
2393,-4.707394141
2396,-5.636525743
2415,-3.867650939
2416,-6.415990874
2420,-5.628386635
2440,-6.772527293
2455,-7.419166777
2463,-2.981647336
2469,-8.304622152
2474,-7.064056807
2478,-5.249475156
2482,-2.190285366
2487,-4.564188612
2492,0.049016998
2496,-4.879920926
2509,-5.810235381
2512,-2.662591994
2514,0.646669642
2515,-3.416755005
2516,-4.661529713
2517,-4.563405883
2525,-9.007158032
2538,0.474736535
2546,-4.004086564
2560,-5.863694929
2570,-6.641687633
2575,-2.838537702
2577,-3.003412201
2579,-8.922470811
2581,-6.214409248
2592,-4.066109288
2607,-9.303096106
2609,-4.298594128
2614,-9.003663146
2616,-5.393290871
2628,-3.931587272
2630,-5.550115119
2640,-1.445095311
2641,-4.869429455
2657,-6.035608599
2660,-4.957717288
2662,-5.045106793
2664,-3.341941672
2665,-5.892859766
2666,1.465166485
2670,-3.830818358
2672,-4.869999039
2677,-5.518770125
2678,-7.040776091
2680,-4.408915936
2690,-7.066816523
2696,-10.273563352
2701,-11.860017579
2715,-6.344801894
2719,-4.747197815
2724,-7.901724682
2728,-6.609351076
2740,-5.33018995
2745,-5.114537714
2758,-4.13907866
2778,-8.699756714
2784,-2.488884395
2790,-5.2544236
2794,-4.780303721
2801,-2.556421955
2802,-7.149505954
2807,-7.52111159
2815,-4.324886295
2816,-4.402397305
2826,1.53199595
2855,-3.070932549
2859,-1.488746654
2867,-7.924596098
2872,-3.467960676
2877,2.540451137
2885,-4.620320818
2888,-6.804098039
2899,-6.291734876
2906,-7.71486168
2915,-7.925560168
2919,-2.200616994
2923,-10.660080212
2927,-4.896181822
2933,-4.754053875
2942,-5.659960549
2949,-5.904557218
2957,-6.273783412
2960,-11.120751284
2962,-7.858920713
2966,-5.847401423
2970,-5.16809149
2973,-6.256064685
2974,-8.414463371
2977,-1.804873123
2985,-5.338093176
2996,-8.833279889
3005,-4.768900757
3007,-10.02029517
3008,-1.589151398
3034,-6.409794643
3038,-1.724041921
3040,-1.761234456
3042,-7.787049528
3071,-6.574366214
3075,0.462710912
3094,-7.567722809
3096,-4.183398231
3098,-1.476391612
3099,-6.805642029
3111,-7.113016511
3126,-4.876472862
3130,-11.408630836
3141,-7.123504713
3144,-7.978816768
3146,-5.954193587
3147,-7.635204347
3149,-4.775671218
3154,-3.323688137
3166,-7.467907456
3167,-2.577542982
3175,-2.464045697
3184,-3.747070516
3200,-5.474461551
3204,-5.00895021
3205,-4.346095313
3207,-4.478849261
3210,-5.278645986
3223,-2.516086342
3231,-1.309886392
3233,-10.019759093
3234,-6.893840197
3267,-3.683504026
3268,-0.45302385
3273,-8.216320446
3274,-8.021258108
3277,-2.802352308
3280,-5.874803398
3284,-5.906320944
3285,-5.852398598
3290,-4.350602631
3294,-6.087235768
3338,-3.333484627
3339,-7.319858348
3343,-2.586105502
3348,-8.644265947
3368,-2.435117448
3369,-2.620806336
3371,-8.920689283
3374,-3.19980264
3381,-5.90389735
3390,-1.075322218
3394,0.705430578
3395,-6.789538617
3400,-2.219207111
3402,-2.187217701
3404,-1.603447961
3407,-5.609673702
3427,-6.369582559
3434,-7.322094394
3442,-6.304156264
3445,-9.005093323
3450,-6.565768127
3454,-2.931111107
3459,-8.003142676
3464,-2.78207456
3468,-6.665650313
3470,-2.988073035
3479,-6.049070939
3490,-9.268597137
3498,1.087960769
3501,-9.452201454
3508,-1.867321944
3517,-5.153592984
3526,-6.464828109
3534,-7.541489445
3541,-8.465898398
3546,-3.660078928
3548,-3.686906943
3552,-5.564682274
3560,-6.77172225
3572,-5.608293228
3574,-6.670170654
3579,-8.465785048
3593,-4.818381521
3597,-3.452773921
3598,-6.447256219
3599,-7.530407118
3623,-3.96951326
3625,-4.148634617
3631,-7.520879797
3647,-7.890663808
3649,-6.465706397
3663,-2.906110106
3664,-8.152865714
3670,-7.233316689
3674,-4.989484517
3684,-5.360779633
3693,-7.271339016
3695,-8.330474862
3698,-4.731673289
3699,-6.850705967
3701,-7.098415116
3703,0.583500374
3706,-1.193491336
3707,-4.390851739
3716,-4.056816053
3718,-9.945652469
3720,-2.134005714
3724,-2.37536008
3733,-3.032320656
3734,-6.327484989
3738,-5.455876703
3747,-7.880944833
3758,-5.793288254
3760,-2.656937772
3764,-4.229764706
3777,-1.479918991
3779,-4.865104454
3780,-8.885645666
3790,-8.680997536
3793,-8.313159472
3794,-2.780783333
3805,-4.692525135
3813,-7.295889262
3815,-3.60948008
3819,-4.633506897
3823,-5.378043926
3827,-8.584353169
3850,-7.368730242
3858,-4.098390114
3872,-4.156961242
3891,-5.943082409
3892,-6.028282997
3897,-1.379297295
3902,-7.223258679
3932,-2.462128681
3933,-5.407191311
3934,-7.102465945
3938,-1.888165934
3941,-0.838533961
3943,-7.767944752
3944,-2.527903669
3950,-1.86914903
3963,-5.309110318
3973,-6.542286532
3978,-7.708694914
3979,-4.096377674
3985,-11.34751689
3988,-0.999386023
3996,-4.381356814
3997,-2.165588284
4015,-6.246799278
4037,-7.298510808
4057,-7.374851692
4059,-1.880359033
4060,-5.779254852
4066,-8.09255823
4067,-7.156557738
4068,-8.666668054
4070,0.286240576
4089,-4.525696042
4093,-8.427072828
4099,-6.858308757
4103,-1.850935459
4106,-8.201353827
4117,-7.124477998
4122,-10.000014432
4136,-6.918928728
4141,-3.213307984
4158,-6.741366345
4164,-4.115906509
4171,-8.401219939
4178,-6.767593582
4191,-8.192503821
4204,-4.558793637
4211,-3.784581238
4221,-6.322764827
4244,-10.488874328
4256,-4.634482541
4260,-4.030184022
4280,-9.981551923
4287,-8.590092576
4288,-8.485787702
4303,-5.01131496
4307,-6.469733171
4312,-7.861631135
4315,-4.840957307
4317,-6.818632011
4332,-2.57612051
4346,-6.029047955
4350,-2.930150212
4362,-6.823111848
4373,-7.222025333
4381,-8.063585822
4388,-6.231010376
4391,-3.627959509
4394,-6.297390159
4397,-5.463899971
4402,-4.580552359
4408,-8.243268421
4410,-5.418952059
4417,-3.01493539
4419,-7.24540169
4426,-7.324076748
4438,-11.392109732
4444,-5.172572786
4448,-4.261290505
4457,-8.191193458
4465,-7.189691732
4472,-5.806369843
4482,0.771688278
4484,-10.347366795
4491,-6.546255346
4499,-5.763291212
4509,-5.660352837
4511,-2.65839319
4517,-6.859298572
4521,-5.089790239
4525,-5.529677215
4526,-6.794076053
4528,-3.277944721
4533,-2.92739657
4537,-2.475973686
4539,-8.22076049
4542,-12.010462532
4558,-7.071474471
4559,-10.321749901
4561,-5.414973793
4562,-3.874877674
4573,-3.753471886
4591,-8.658182121
4595,-6.677392977
4610,-3.441412668
4617,-3.649440966
4625,-2.967801827
4630,-11.53660826
4632,-6.377233859
4639,-7.682005554
4640,-5.936377922
4644,-2.438785932
4645,-7.065339578
4653,-4.488104688
4660,-9.536690879
4661,-5.517255186
4667,-3.491786124
4681,-11.538554248
4682,-3.772664917
4685,-5.889473406
4690,-7.096467453
4701,-5.442148018
4712,-6.334992245
4717,-6.008272623
4723,-5.694531993
4724,-2.265792452
4731,-4.838502404
4733,-7.432223307
4737,-4.90816389
4738,-3.778647382
4743,-7.090073532
4754,-2.098473487
4758,-5.775926718
4764,-5.168770975
4765,-4.530854399
4782,-4.861571098
4784,-4.01495741
4793,-4.077998404
4794,-5.243207097
4801,-6.935061
4802,-11.850583226
4805,-5.522899
4820,-4.876472862
4850,-6.097833169
4855,-5.943905102
4864,-8.702790908
4865,-5.174642936
4868,-6.280638393
4871,-5.333230118
4888,-0.886658503
4889,-3.411394495
4898,-6.34086994
4901,-5.112209009
4904,-4.851558831
4910,-2.327793515
4915,-2.985242402
4921,-5.849320807
4926,-5.979371482
4927,-3.731235732
4939,-7.842720545
4943,-5.643808559
4954,-5.983129126
4964,-2.92982775
4965,-2.39784556
4971,-9.069444828
4973,-8.376901839
4977,-5.462423535
4980,-8.894613548
4982,-2.895322027
4984,-8.685391428
4985,-2.664740514
4989,-1.976667851
4995,-3.103017535
4997,-4.890984402
4998,-0.267743608
5003,-2.645516253
5007,-5.61871391
5008,-5.463923236
5019,-9.754935173
5023,-3.510064683
5026,-4.380926558
5033,-5.904351126
5035,-9.860560399
5042,-8.403967279
5045,-2.492025839
5050,-1.949637512
5059,-5.61429008
5068,-3.699020955
5073,-6.810008058
5082,-1.144616932
5100,-10.612951281
5103,-6.570033236
5108,-11.286266425
5111,-2.827527825
5123,-6.742975977
5124,-6.386826252
5128,-4.703487676
5129,-8.379697981
5134,-3.684333036
5136,-5.372721292
5140,-3.310720322
5146,-3.126080843
5148,-8.445502291
5159,-2.517681483
5161,-6.578440889
5171,-2.825261396
5183,-4.509032875
5188,-9.135697606
5197,-6.784429235
5207,-6.910162403
5209,-9.540039985
5210,-4.048563456
5241,-4.35111289
5245,-6.307336631
5248,-3.377892761
5260,-6.702998826
5269,-2.476285695
5270,-8.918020348
5273,-5.298167535
5281,-9.769647077
5286,-5.212100479
5309,-4.674518076
5315,-5.171365742
5319,-6.913445631
5325,-8.808980648
5338,-0.894084046
5340,-10.629281297
5347,-7.418626429
5352,-5.081164598
5359,-4.259304124
5369,-5.066372886
5381,-4.731673289
5392,-3.40798146
5394,-5.444627559
5395,-11.757142283
5412,0.163956941
5413,-2.828677025
5414,-2.136914464
5421,-10.425047779
5426,-5.362436458
5429,-5.444548785
5435,-4.846687064
5436,-7.579859134
5439,-8.364801943
5443,-4.337884083
5457,-6.848467921
5458,-3.382043553
5464,-6.044089917
5465,-7.832864754
5474,-10.883679676
5482,-8.215521093
5485,-3.994198933
5501,-7.373232942
5506,-7.813125196
5514,-9.665028673
5525,-6.32090754
5541,-10.872619323
5542,-3.70665184
5551,-1.109625733
5556,-5.9844841
5558,-7.79194081
5571,-8.585591928
5573,-2.235574118
5579,-2.561754767
5589,-8.947281019
5592,-4.921447864
5602,-10.491730917
5603,-1.3041898
5606,-7.563248425
5608,-7.378786568
5609,-0.421857968
5610,-6.438144622
5611,-6.641820207
5616,-4.260350085
5620,-2.286505409
5624,-3.485440233
5639,-3.861475858
5654,-5.224487738
5658,-8.892652932
5659,-2.268988353
5664,-1.480231963
5665,-6.381895127
5668,-6.33420088
5694,-5.794514302
5698,-8.730957661
5702,-4.638145392
5715,-6.685812743
5717,-6.313139439
5729,-7.690471056
5742,-5.662637336
5744,-2.048737452
5773,-5.082316425
5778,-4.413409229
5780,-4.309630885
5795,-6.010391793
5803,-7.278575936
5804,-6.918954517
5814,-8.471240417
5822,-10.188609932
5831,-6.27100961
5835,-0.519799951
5841,-10.733862171
5853,-7.396332373
5864,-9.960605914
5871,-5.912826264
5873,-10.096098539
5877,-6.732168803
5879,-5.307006974
5889,-8.283389413
5910,-4.163274852
5920,-11.516688078
5934,-9.768913915
5957,-7.724104382
5965,-4.988834637
5975,-3.023933519
5981,-7.853758093
5995,-1.238332442
6000,-3.03629956
6006,-2.656543619
6007,-4.458630758
6016,-2.769733267
6020,0.507793453
6026,-5.452554946
6045,-10.809673579
6053,-9.080710734
6069,-7.407049965
6076,-5.393038899
6092,-5.206427934
6097,-2.435117448
6101,-3.305155339
6113,-6.673421039
6117,-1.941516048
6119,-6.557216703
6121,-3.671787345
6123,-3.557376291
6129,-4.695188971
6131,-1.441187818
6144,-6.616106123
6146,-6.582501427
6153,-5.149711803
6157,-5.357712816
6170,-2.630238782
6181,-10.290750609
6187,-6.924981196
6206,-5.923960025
6214,-3.298478785
6238,-7.204463881
6243,-6.761726491
6247,-11.34428885
6253,-1.827265097
6258,-6.922788864
6264,-6.469991624
6267,-8.984446478
6275,-5.140710334
6280,-3.246499706
6282,-5.499510038
6287,-9.308451416
6288,-7.174152536
6295,-8.385859282
6315,-2.966110348
6319,-4.722889247
6324,-0.73087108
6328,-5.413663939
6332,-6.483263544
6334,-5.989883415
6335,-7.770194199
6338,-5.8017148
6344,-3.96415998
6347,-2.435618834
6350,1.249974886
6353,-6.545423264
6355,-2.567053013
6356,-5.429220905
6357,-6.109000973
6362,-5.126819298
6364,-2.816389853
6369,-6.746386909
6373,-10.243083772
6378,-2.955600649
6382,-6.103738659
6391,-7.271387333
6398,-3.754459209
6403,-0.092711209
6405,-9.946938933
6420,-4.281136276
6421,-6.263121423
6449,-6.84081337
6452,-6.514993089
6453,-8.977236906
6481,-5.27780921
6494,-3.07939076
6498,-5.496240656
6507,-6.429992
6514,-7.438794809
6515,-2.155993102
6517,-6.572285738
6521,-7.300057974
6526,-3.524379133
6534,-3.384260646
6538,-8.060386455
6540,-5.276544325
6541,-10.13272886
6544,-8.292855649
6545,-2.301410992
6546,-2.333898765
6549,1.45719622
6556,-6.348243858
6563,-8.792978425
6572,-2.248047219
6574,-4.81044237
6577,-4.273390139
6583,-4.455868286
6585,-5.609283889
6589,-6.322480745
6600,-5.905011958
6602,-6.997573081
6606,-7.224435073
6620,-8.043780371
6621,-3.894247446
6622,-7.848383481
6624,-3.980025698
6630,-3.339117546
6647,-8.537541665
6649,-3.44697511
6651,-5.435596116
6653,0.226048763
6655,-8.208673655
6667,-1.376702519
6676,-8.314068091
6686,-1.602580374
6698,-2.494867041
6702,-5.571042225
6703,-5.765487811
6711,-8.063637836
6714,-2.626767891
6718,-5.503629042
6722,-6.918884572
6725,-4.386633763
6727,-4.559771224
6728,-1.735171895
6745,-5.095903279
6747,1.867679973
6752,-8.644673261
6758,-6.692069059
6767,-2.620473798
6774,-4.729384882
6776,-8.171204595
6781,-7.238810128
6785,-3.674882054
6794,-6.361604273
6798,-5.346516829
6813,-4.455207888
6816,-6.52620661
6831,-4.807606814
6838,-6.196722794
6840,-3.461874947
6842,-2.99181452
6846,-5.042271219
6849,4.015130541
6868,-4.075992564
6869,-4.576582592
6878,-3.521115328
6884,-0.178585887
6886,-11.666991317
6889,-5.174913872
6902,-2.479854329
6905,-4.582329965
6913,-8.398083136
6914,-2.766178477
6915,-3.721031973
6919,-7.877857769
6927,-0.437980851
6928,-8.767738354
6929,-6.815798505
6932,-3.228701918
6937,-5.054619314
6953,-8.293613367
6963,-2.707915276
6966,-5.464895142
6968,-2.638668931
6977,-1.276916845
6980,-6.143373487
6982,-7.405584718
6983,-3.222631905
6984,-8.5324894
6992,-4.775129304
6996,-4.985259454
6998,-8.31550544
7002,-3.837077652
7006,-4.064341281
7009,-4.450722542
7010,-5.809989649
7022,-5.168968629
7024,-5.163107815
7033,-8.972921318
7034,-1.211064262
7035,-8.195271183
7040,-9.514444265
7042,-3.91359239
7045,-8.962172836
7046,-1.299020705
7051,-6.593086797
7053,-4.47286789
7062,-7.223314149
7068,-6.680622693
7083,-5.854932849
7098,-4.386261695
7102,-8.536013175
7116,-4.99570347
7119,-4.174375642
7121,-3.509412264
7131,-5.403418479
7134,-1.454720557
7135,-5.87631519
7138,-7.832865306
7141,-0.583600539
7173,-7.301836852
7181,-5.90777446
7197,-6.784177084
7200,-7.937541037
7213,-9.459205512
7214,-8.731892646
7230,-8.517034663
7231,-10.378393056
7236,-6.574820739
7238,-6.150168674
7245,-1.541521307
7246,-5.98264095
7248,-0.757293445
7265,-4.474787164
7272,-6.417370938
7274,-3.042407206
7279,-11.693946733
7287,-5.939024305
7289,-6.187986746
7290,-4.831680343
7291,0.07750786
7300,-7.263841995
7302,-9.501376738
7303,-4.145224606
7313,-2.549261302
7314,-3.831424036
7328,-5.627949832
7329,-6.476163678
7335,-6.363489428
7349,-6.144226986
7363,-1.427631427
7365,-3.847980078
7366,-5.309789706
7370,-5.737209643
7380,-7.707008629
7391,-5.325896163
7392,-5.205017127
7419,-7.472536912
7425,-2.022624803
7431,-0.116207368
7440,-12.282243747
7443,-5.67715674
7445,-5.127438664
7449,-6.913445631
7460,-7.960604717
7478,-4.724612461
7484,-7.999959419
7490,-6.110620644
7491,-7.333945774
7496,-4.593093138
7499,-3.044034509
7500,-12.906932291
7505,-1.903696726
7506,-1.931202774
7512,-7.452346406
7532,-8.732997601
7536,-4.78530925
7538,-1.064080816
7539,-2.974901001
7541,-6.450153992
7543,-2.751737041
7547,-3.919094635
7549,-2.192707484
7558,-7.255412372
7571,-4.281933305
7572,-6.635778482
7577,-6.42257219
7595,-5.939608458
7606,-3.667537121
7612,-4.880475549
7613,-3.445486823
7627,-9.506844138
7634,-3.067621713
7644,-3.57956727
7657,-7.931521439
7661,-6.345313402
7670,-8.515138261
7673,-8.22197407
7674,-8.340317006
7676,-1.923034816
7679,-1.986703985
7693,-6.753842113
7694,-5.283536061
7704,-8.525258064
7705,-7.693572065
7711,-6.432864515
7714,-2.916449105
7724,-7.25421443
7740,-9.96220292
7745,-9.306402035
7747,-4.012511763
7752,-6.065468002
7754,-7.352624734
7756,-8.748463247
7757,-1.741353288
7760,-2.571820617
7773,-3.301116087
7793,-8.486963901
7795,-5.827300617
7800,-6.264432548
7802,-5.108325459
7816,2.166066259
7821,-3.644970015
7822,-5.919663187
7829,-6.13076256
7836,-6.716445637
7842,-11.551514483
7848,-5.287291237
7878,-0.857233668
7880,-2.383407164
7881,-6.872471877
7883,-9.385258524
7891,-7.155376085
7897,-5.835109423
7902,-6.734990017
7903,-4.853699094
7906,-3.907520585
7907,-6.984873704
7910,-8.145334369
7922,-7.61801153
7924,-6.90712037
7927,-6.242116907
7929,-5.052884652
7933,-8.08401074
7936,-6.623294105
7937,-0.923337872
7938,-4.46808677
7943,-8.502791812
7944,-9.409827675
7960,-12.151729251
7961,-5.783278743
7967,-5.330819338
7975,-4.420616124
7984,-6.823762531
7985,-7.152321858
7992,-3.05366124
8003,-4.562725202
8024,-1.118934157
8035,-0.738206525
8043,-5.764306079
8047,-6.826934816
8048,-8.553173532
8054,-6.101017034
8061,-6.845914388
8065,-8.927848429
8067,-0.786743195
8071,-5.893473427
8073,-9.574589587
8075,-1.498480134
8079,-5.478960125
8083,-3.410426338
8102,-6.706683772
8108,-4.763751983
8118,-6.913445631
8126,-5.61163335
8127,-3.895853339
8129,-8.546788958
8133,0.175007307
8138,-9.876714841
8140,0.658317753
8146,-11.645078379
8147,-0.618716617
8148,-6.526330637
8152,-2.518559768
8158,-5.60685346
8169,-5.416394706
8176,-5.364759561
8179,-6.116203096
8183,-6.677235683
8185,1.09186534
8186,-5.716497913
8187,-6.40650838
8188,-2.961659147
8194,-4.166929484
8195,-7.041756031
8196,-5.485984146
8199,-4.667556794
8207,-5.818415643
8209,-4.87953719
8212,-5.594041298
8215,-6.414008868
8217,-7.296900826
8224,-8.053556815
8246,-6.938407086
8247,-6.967635002
8267,-8.028445832
8268,-7.505386929
8284,-4.660168151
8293,2.921265651
8304,-2.405711241
8330,-3.255278279
8333,-10.512777616
8342,-5.834560076
8368,-10.985877436
8369,-6.910257339
8371,-3.346824969
8388,-4.472907637
8391,-4.815313755
8400,-7.196890096
8404,-9.393658232
8410,-7.811834365
8411,-2.573935162
8423,-3.141591788
8432,-5.08513192
8445,-4.859058067
8461,-8.687457861
8469,-4.971723358
8472,-5.169336075
8504,-5.461927967
8506,-3.45717143
8508,-8.808371005
8509,-6.516492924
8520,-6.586352555
8529,-6.080557912
8532,-5.786291318
8550,-4.693131447
8559,-3.24641715
8563,-2.201953628
8582,-3.158969437
8584,-11.061462325
8585,-3.848966812
8590,-7.745938003
8594,-4.959105442
8597,-10.242335253
8611,-6.244069758
8612,-6.039070825
8619,-4.259033392
8623,-3.527768851
8636,-5.790156972
8647,-6.071028635
8649,-10.398902741
8664,-3.450029644
8671,-9.631157797
8675,-8.036946403
8687,-3.775619386
8696,-7.438794809
8698,-3.688347179
8701,-5.12606012
8710,-8.307894094
8719,-6.384873102
8729,-7.202223973
8734,-9.43720755
8737,-5.566414269
8753,-4.407567564
8759,-3.302138116
8800,-3.700257273
8801,-6.578574007
8806,-5.71952926
8816,-1.874977177
8820,-9.014786973
8825,-2.83934017
8828,-6.325557403
8831,-3.629367596
8838,-1.498313647
8840,-4.048203421
8841,-3.765902913
8853,-4.301853
8860,-5.29003667
8863,-5.780470554
8865,-8.825042505
8866,-3.380722823
8868,-4.759276956
8870,-11.332016007
8875,-5.566993376
8884,-4.702940411
8888,-9.196026038
8891,-2.105251265
8898,-4.712411756
8922,-6.034993225
8937,-10.870020589
8938,-2.673645343
8943,-4.321358965
8952,-5.77883229
8958,-7.650842711
8961,-5.547170482
8966,-4.483424162
8969,-1.573072741
8970,-7.267159467
8975,-6.342919719
8976,-7.015685199
8982,-10.852141864
8995,-5.528368873
8996,-5.834044785
9006,-5.876566831
9017,-5.688727653
9022,-2.617926608
9031,-8.42135093
9037,-9.179117329
9044,-7.956310502
9047,-5.094321264
9060,-5.514038424
9063,-1.8036374
9064,-7.683856491
9073,-0.228000852
9082,-7.349200202
9095,-1.818841637
9096,-5.53799109
9101,-6.666545445
9108,-3.100168935
9109,-1.673627517
9113,-4.670055519
9115,-8.853627976
9118,-0.963725364
9120,-3.644970015
9122,-6.738070781
9125,-9.294044345
9129,-2.392904006
9132,-6.50504323
9136,-5.038372243
9143,-6.402660253
9144,-10.335486293
9152,-4.966800528
9160,-3.947777479
9165,-7.424561601
9166,-8.022582404
9168,-6.284434643
9177,-6.53328764
9184,-5.247850669
9186,-5.883543262
9188,-9.451973435
9194,-5.436147588
9201,-8.608298975
9206,-3.043011212
9214,-5.597248316
9223,-11.545462946
9244,-5.654770457
9260,-2.77969838
9261,-5.127319993
9266,-4.455163184
9275,-5.225806403
9277,-6.806028307
9282,-8.778653135
9285,-1.073936584
9286,-4.500161129
9288,-1.91249943
9300,-3.346824969
9304,-0.490578013
9306,-6.225488197
9319,-8.877553359
9326,-6.388397743
9337,-8.961692607
9342,-6.261149056
9348,-3.38609894
9349,-5.694131302
9353,-5.777191881
9357,-6.155822076
9364,-5.793673626
9365,0.794570467
9374,-3.69414592
9380,-6.952613109
9391,-7.144232813
9406,-2.620343425
9411,-5.55032467
9412,-4.66420867
9414,-9.266693859
9416,-3.000780433
9421,-3.202095806
9427,-5.970147493
9429,-1.550531373
9451,-8.396204136
9458,-0.129439728
9464,-0.571812763
9466,-8.960199566
9468,-2.032824467
9470,-9.121245119
9471,-4.729910328
9494,-5.39367747
9523,-6.085004272
9530,-6.121008426
9540,-11.369030863
9548,-12.501735656
9561,-3.561227773
9571,-7.596938303
9584,-6.83200262
9588,-2.915879121
9595,-7.89140287
9596,-7.028353616
9605,-5.016990327
9609,-5.869389858
9612,0.095378199
9615,-4.317458528
9636,-7.360875672
9640,-6.224671995
9651,-7.142647289
9674,3.964055736
9687,1.0645205
9694,-3.734240837
9697,-3.861239945
9698,-10.275611845
9705,-7.82435973
9712,-6.715472576
9721,-2.37888878
9726,-3.724975763
9736,-14.243321264
9740,-3.405626865
9744,-10.915428078
9748,-5.513911446
9753,-7.976265345
9757,-3.640459677
9758,-1.018966601
9762,-5.168770975
9763,-2.60066097
9767,-3.614229917
9778,-5.090786384
9782,-0.997214315
9793,0.588253473
9812,-8.239486538
9821,-2.411165105
9822,-3.868202977
9826,-3.969084479
9844,-7.16053639
9860,-5.635825483
9869,-4.499027186
9870,-5.088333349
9872,-6.265234077
9877,-6.482184742
9881,-4.725046476
9888,-3.03629956
9890,-7.134448598
9892,-9.161997004
9897,-8.117277848
9900,-1.842462975
9905,-9.467659138
9912,-4.271652108
9922,-0.230928037
9930,-4.902509894
9942,-6.575881629
9945,-6.123047363
9948,-9.615322376
9949,-9.666393058
9956,-2.855924078
9959,-6.86820452
9961,-7.35983123
9969,-9.696447994
9972,-7.488657838
9978,-4.348257293
9981,-3.061724347
9983,-3.717049061
10011,-6.22581174
10017,-8.505147942
10019,-6.045073192
10028,-5.82408365
10029,-3.243761798
10030,-0.640244449
10035,-5.866925068
10046,-3.219421194
10047,-4.54138989
10049,-6.105012888
10053,-5.108459947
10058,-2.589340868
10061,-8.105215778
10068,-5.174418755
10079,-7.945379501
10082,-6.075667785
10092,-9.299684927
10099,-7.357215157
10102,-5.191986837
10105,-10.583371962
10112,-2.981861867
10120,0.004945716
10126,-5.720601159
10143,-3.252249737
10150,-3.630975897
10156,-6.619866135
10157,-6.702625135
10171,-10.047246631
10176,-6.3316841
10179,-13.39428413
10184,-4.788175131
10188,-4.451190554
10190,-6.12123143
10195,-6.785965123
10196,-4.264659381
10200,-4.013791933
10207,-7.008162775
10213,-3.048001045
10220,-8.165086816
10226,-9.523905508
10228,-4.766472622
10234,-4.013428886
10239,-1.667368749
10242,-2.736925945
10245,-2.36778689
10247,-3.955726797
10255,-1.584327737
10263,-1.459086238
10266,-9.278447255
10279,-6.482516081
10286,-0.920994931
10287,-9.499920254
10292,-8.405453054
10293,-6.065205579
10294,-7.199143512
10306,-3.708435714
10316,-3.651115887
10334,-8.451334841
10339,-4.020006234
10349,-1.105582574
10358,-4.840281327
10365,-7.108034876
10367,-9.141410315
10377,-6.47151034
10383,-1.648005663
10385,-6.591909069
10386,-2.382637329
10387,-8.770657026
10399,-7.587993665
10401,-4.661878842
10413,-2.716298735
10417,-7.89909601
10420,-5.348111725
10422,-7.161717843
10429,-2.785689942
10434,-4.146049144
10445,-9.551713512
10446,-9.892826027
10454,-7.980284092
10466,-8.921527872
10477,-5.247912524
10479,-6.344651093
10482,-2.849490541
10489,-6.94456874
10513,-11.087324713
10526,-7.863679078
10535,-5.496214428
10538,-7.274478017
10540,-0.165970375
10549,-2.668951684
10550,-3.416755005
10554,-5.651942346
10556,-5.181659976
10561,-4.146532852
10567,-3.310391952
10569,-3.934058356
10578,-5.414460402
10581,-3.454222185
10586,-7.212757958
10587,-9.414434976
10590,-1.243178896
10600,-7.088690098
10608,-8.240026041
10611,-3.946915246
10613,-6.323578523
10615,-6.568825732
10634,-2.827298656
10636,-4.366530909
10644,-1.496534218
10652,-8.802070769
10653,-6.105544214
10663,-6.384873102
10674,-5.90389735
10679,-2.921913089
10680,-6.404668151
10682,1.32638235
10687,-5.909766345
10696,-8.551402313
10699,-7.319005124
10703,-4.768486342
10704,-7.94297815
10712,-7.832362729
10715,-1.642586195
10719,-8.27634668
10722,-5.710195679
10732,-6.470888726
10738,-3.268275739
10745,-6.409521113
10754,-6.416978785
10755,-2.267127306
10759,-7.315656742
10770,-4.66626714
10771,-6.533195506
10774,-2.916025549
10777,-0.462611631
10792,-3.984454971
10801,-2.495416622
10814,-4.944832848
10819,-5.05190518
10822,-8.136943951
10823,-8.466860007
10829,-6.440361732
10832,-8.011809409
10839,-4.494727774
10871,-6.161067242
10876,-5.862063356
10877,-2.662007008
10904,-8.164209522
10918,-5.369262213
10930,-5.974160805
10931,-6.953310584
10932,-10.785461822
10954,-4.231358477
10956,-6.39784404
10959,-2.601159532
10966,-0.551718388
10977,-4.512845093
10981,-7.029570602
10982,0.993776344
10983,-10.716662208
10989,-3.655966804
10991,-4.286139629
10996,-3.507446693
11004,-3.617927303
11017,-9.298382742
11027,-6.607852856
11034,-9.002493867
11040,-0.351023263
11041,-1.926892041
11043,-2.337225337
11050,-6.291166794
11051,-6.36991798
11065,-5.365908326
11069,-6.584123976
11079,-11.885535029
11090,-9.366443986
11101,-4.161374459
11102,-6.38578947
11104,-8.696097527
11110,-5.269738266
11112,-5.968209075
11115,-7.021068924
11118,-5.892358295
11122,-9.948082935
11124,-12.119993551
11125,-9.859671907
11132,-6.952559197
11142,-2.976612393
11147,-6.228716946
11151,-6.29073758
11178,-2.871629992
11182,-3.165940742
11183,-5.8355014
11187,-8.343800986
11188,-5.671712825
11189,-7.466713813
11195,-8.239644653
11199,-4.319273345
11205,-9.283921125
11207,-7.58245284
11231,-4.334211757
11235,-4.355361349
11240,-6.913445631
11246,-4.992422904
11248,-7.703652531
11251,-7.180280321
11254,-1.349311012
11256,-3.938358532
11257,-7.268419557
11264,-8.421364346
11267,-3.801393326
11275,-9.362383986
11276,-5.904932181
11286,-6.118680967
11310,-5.728403234
11325,-2.749386293
11327,-7.282069116
11330,-4.997761123
11341,-5.39367747
11349,-2.826956879
11357,-5.153592984
11360,-5.267641924
11383,-1.292327899
11384,-2.686821703
11390,-8.753553407
11399,-3.713244163
11403,-7.995612735
11405,-1.602640793
11427,-7.083374927
11429,-4.976293694
11430,0.802719324
11431,-6.964104087
11436,-3.598601159
11444,-8.04127335
11446,-4.655008911
11452,-6.379622583
11454,-4.611323936
11471,-2.194701475
11476,-3.087437327
11488,-11.387870199
11490,-8.24292184
11493,-6.513716786
11509,-4.564000336
11512,-3.008939849
11514,-7.701385485
11524,-2.684634553
11535,-6.334992245
11541,-2.62624189
11542,-10.372107522
11548,-4.809098454
11553,-4.827576553
11568,-8.646927366
11576,-3.294589794
11581,-4.014051837
11586,-4.031892663
11594,-2.279305498
11595,-6.53191909
11611,-13.224167699
11616,-5.433750553
11618,-5.603781616
11619,-6.111023043
11624,-5.274914051
11627,-6.677131157
11629,-2.085378264
11632,-5.125105821
11644,-4.587801127
11650,-2.699331079
11658,-6.893271729
11660,-2.525227285
11667,-1.492665857
11688,-4.412064673
11692,-5.439773771
11706,-4.950050005
11711,-1.686771326
11713,-2.470112446
11714,-6.664155143
11722,-7.230178859
11725,-10.876332171
11729,-5.505976175
11733,-3.174678904
11740,-8.360570906
11743,-9.492999119
11744,-8.95536948
11745,-7.690917351
11746,1.267183153
11751,-4.657285452
11762,-4.408210784
11765,-5.76856263
11766,-3.504046262
11767,-2.833199679
11771,-6.687011134
11784,-5.079536751
11786,-5.686301685
11796,-4.317233229
11806,-6.659482713
11810,-8.645784958
11812,-6.295576701
11815,-6.853500105
11839,-8.648686662
11846,-3.948659986
11857,-6.059696398
11860,-1.215678113
11862,-4.313625375
11866,-7.943600804
11875,-3.157404747
11877,-6.726165054
11881,-5.792943998
11902,-4.275580669
11903,-3.811666415
11909,1.338999343
11910,-11.122575765
11922,-7.53547012
11930,-5.542537241
11931,-3.689596591
11936,-4.932712069
11941,-6.856698341
11946,-4.918360745
11954,-6.314516059
11956,-7.762586373
11959,-4.838877437
11969,-10.662003196
11970,-0.455267848
11985,-5.114059828
11999,-8.082077627
12022,-2.876571492
12023,-3.374026609
12024,-3.734357397
12029,-4.245379804
12031,-2.01257059
12034,-8.073815261
12038,-4.396551221
12044,-2.093005419
12046,-6.971285036
12052,-4.960204265
12055,-5.457893922
12057,-5.544829771
12058,-0.420457082
12061,-3.1901611
12063,-6.479086017
12066,-6.619332714
12068,-7.939876986
12074,-6.215824462
12075,-6.012179594
12088,-0.55595055
12091,-4.78903236
12097,-5.474033324
12108,-2.657390552
12113,-2.532813031
12116,-5.180199056
12117,-0.984735584
12119,-5.336993289
12132,-6.896185337
12134,-6.776885459
12136,-5.580205747
12139,-5.233869399
12148,-3.950831403
12151,-5.060830327
12158,-2.548625334
12168,-5.498142282
12185,-5.953002475
12187,-6.098692967
12192,-5.910186185
12204,-4.975952603
12208,-3.301247727
12221,-5.74541076
12227,-5.790697604
12229,-3.979859671
12242,-4.751288121
12245,-7.083159792
12250,-6.779162458
12266,-7.654551553
12276,-3.3944883
12283,-6.692545881
12284,-2.101826541
12293,-1.538738954
12310,-3.936578678
12315,-4.487100732
12340,-6.563455611
12341,-4.56165824
12355,-7.410838786
12359,-7.965138302
12366,-3.19346844
12369,-10.087420456
12370,-4.547713051
12375,-6.764441773
12377,-1.4963505
12388,-3.942364151
12407,-3.08622101
12411,-7.781327773
12416,-3.650173274
12417,-0.884815184
12425,-0.216871778
12431,-6.123376845
12436,-3.946117523
12443,-9.660303911
12458,-4.796740373
12468,-5.465750182
12474,-4.42364566
12490,-4.488901385
12491,-5.673185288
12495,-7.552940664
12503,-3.01366499
12506,0.350167321
12507,-2.587939709
12513,-3.628938979
12520,-8.137456082
12522,-2.719644644
12525,-4.139935548
12534,-7.462148188
12539,-2.787165264
12545,-3.937567109
12558,-6.829425301
12566,-3.284339973
12570,-3.630559677
12572,-3.142980279
12578,-3.254728157
12585,-3.24404542
12586,-2.989974166
12587,-2.499276921
12596,-2.700314303
12598,-5.263331343
12602,-6.662097322
12603,-3.859314322
12620,-5.687068071
12621,-6.529528164
12627,-8.106347137
12628,-7.556552899
12629,-9.23378314
12645,-7.519163363
12651,-2.153850707
12679,-5.706943988
12680,-4.269844116
12683,-6.934834357
12687,-7.037869379
12699,-6.409668272
12700,-3.987134199
12703,-1.193520262
12714,-5.047484447
12724,-3.122869311
12726,-4.913284065
12739,-5.201778279
12743,-7.182947866
12750,-5.710914872
12751,-4.323389904
12759,-9.038852915
12768,-5.637993994
12781,-6.359499113
12783,-6.576499991
12798,-3.111594162
12815,-5.762161419
12820,-9.443919256
12821,-3.262660196
12827,-5.96313504
12828,-0.82088705
12848,-3.356371061
12850,-1.285106847
12861,-3.317597027
12862,-6.263811048
12867,-2.342366991
12876,-2.821728429
12878,-6.414008868
12889,-14.411673444
12894,-2.570759259
12905,-7.030321949
12930,-5.064337773
12940,-7.881760748
12951,1.033216446
12953,-3.522387695
12961,-7.937541037
12967,-7.299352554
12982,-1.94522021
13001,-2.577444014
13003,-5.76409153
13005,-2.979238865
13017,-6.380680267
13023,-7.301048723
13030,-2.877427251
13032,-7.463050651
13037,0.628810079
13039,-5.491686307
13040,-8.570256682
13057,-6.760212182
13068,-4.843913652
13075,-8.344827564
13080,-1.142167068
13082,-3.845241242
13097,-5.917890914
13107,-4.454695585
13112,-5.306124011
13123,-4.749165989
13125,-5.12985182
13136,-3.267743892
13138,-2.896162501
13140,-4.010042925
13142,-5.312254128
13143,-7.398055447
13160,-5.070849935
13171,-4.262838857
13177,-7.956310502
13184,-4.990535441
13188,-5.763962501
13196,-3.151708436
13200,-3.914699944
13206,-4.553385163
13212,-8.077004257
13216,-6.513152559
13220,-9.059513843
13225,-7.37894814
13227,-3.766815634
13230,-7.290360162
13241,-3.04313722
13252,-9.848581843
13254,-6.547747403
13259,-5.9174059
13264,-0.569520012
13267,-7.195382439
13277,-2.297723781
13281,-6.346718399
13282,-5.816653925
13283,-7.26898217
13293,-1.655168054
13295,-7.449879081
13300,-2.707793298
13327,-4.672489459
13329,-10.624388256
13346,-5.759505105
13359,-4.019677738
13368,-3.607673684
13372,-7.23383419
13384,-1.522897691
13386,-1.716814033
13387,-5.300309748
13393,-6.074203064
13396,-3.836569645
13397,-5.936692662
13412,-7.952803073
13414,-6.478904715
13425,-3.671094916
13453,-6.847601694
13458,-0.418986466
13470,-8.808232359
13471,-3.974764693
13474,-6.39506749
13485,-4.31238998
13488,-7.739020137
13494,-0.600192622
13496,-2.981333275
13497,-4.508046952
13500,-7.046523125
13501,-4.041889698
13502,-7.076497828
13503,-4.17016051
13504,-1.434398481
13507,-3.964302338
13510,-4.436867929
13517,-8.073517736
13519,-4.396383857
13525,-8.173643745
13533,-6.298078274
13539,-2.163139032
13542,-9.906493862
13558,-2.598302089
13559,-5.092033769
13560,-4.400612487
13566,-0.96232363
13568,-6.294962801
13581,-7.698721627
13584,-4.116116192
13589,-4.684402455
13590,-10.416257713
13607,-7.151662579
13623,-3.569891925
13626,-6.755754284
13627,-1.937805558
13633,-2.077787307
13634,-7.017624879
13639,-3.376493889
13640,-3.21587998
13641,-4.037985601
13642,-8.759704104
13660,-7.281457702
13675,-6.492800489
13680,-6.756552722
13683,-4.559455593
13685,-2.478846413
13698,0.148051739
13705,-4.072214962
13707,-2.938815156
13711,-6.715229478
13714,-1.519897227
13726,-2.58570541
13732,-6.887287903
13735,1.114634553
13741,-8.076381417
13744,-10.048589519
13746,-7.138477577
13765,-8.227392621
13776,-5.208972673
13787,-6.62824527
13791,-10.75426458
13793,-3.764783874
13796,-5.189392041
13802,-6.408881901
13814,-3.166927798
13818,-6.521027229
13819,-10.831026178
13821,-2.431579088
13830,-5.341032292
13835,-7.505288682
13847,-11.763890715
13849,-5.875402163
13856,-1.494064608
13860,-1.20416277
13862,-8.154384787
13880,-7.453513763
13882,-6.377061681
13888,-3.58174743
13896,-10.759238965
13897,-10.196437239
13902,-8.484890175
13903,1.881107888
13910,-6.562486437
13913,-6.976712466
13915,-3.510639496
13916,-4.38368551
13922,-3.259596486
13924,-2.310179945
13927,-2.846687814
13931,-8.48112377
13935,-5.909542671
13939,-8.276183798
13940,-4.127994545
13950,-7.170863468
13953,-5.361542417
13956,-7.442944886
13969,-6.697125573
13993,-7.556430368
14000,-11.613962616
14002,-6.772754022
14009,-4.936569233
14018,-5.42151787
14023,-5.150507164
14031,-3.171389368
14041,-6.57782279
14069,-6.328276986
14075,-0.174300023
14083,-5.83317484
14104,-9.339147492
14108,-3.302365714
14109,-3.122030143
14123,-5.603781616
14129,-3.243787077
14147,-8.564444089
14159,-0.737931716
14160,-5.651978661
14166,-8.010586257
14171,-3.698621622
14173,-5.93646812
14177,-5.072664389
14182,-9.261264092
14184,-4.501606999
14193,-6.453286841
14197,-8.672921881
14202,-6.82229347
14215,-7.3099129
14217,-0.260945475
14224,-7.526873495
14230,-4.91676318
14232,-5.820477515
14240,-7.696996168
14249,-7.526520561
14251,-5.262438228
14256,-6.324209464
14259,-6.067372277
14273,-10.012942107
14274,-3.289209441
14275,-3.35156628
14285,0.377863013
14287,-7.89108234
14293,0.18213516
14294,-4.63504658
14297,-6.74546969
14311,-6.136573964
14316,1.572581092
14329,-10.090587678
14334,-5.969984786
14346,-4.498295459
14347,-4.399365363
14348,-4.657746026
14360,-9.073542547
14362,-5.972177724
14368,-8.031369709
14373,-5.957895867
14377,-7.045310962
14385,-3.70056468
14389,-4.628039099
14390,-4.920724708
14391,-10.091188387
14398,-6.468287154
14399,-6.912648643
14412,-7.363755883
14416,-4.584347606
14422,-2.269341478
14424,-3.142049121
14428,-9.782796305
14431,-4.46474182
14433,-5.017212069
14452,-3.652365722
14458,-10.835331979
14463,-5.762164308
14469,0.656553095
14473,-6.476484225
14482,-4.852378816
14500,-1.529513345
14502,-4.847224441
14504,-3.182778276
14505,-4.082455965
14509,-2.979551654
14515,-5.724955544
14519,0.120418934
14522,-1.856733061
14524,-9.197502863
14526,-2.239415846
14527,0.933130405
14531,-0.031856919
14533,-7.493171114
14544,-6.560634297
14551,-7.863926122
14555,-0.66752369
14566,-4.755252554
14567,-7.137210572
14568,-4.799664735
14570,-7.637760193
14575,-1.131578763
14577,-7.047469333
14578,-9.998161155
14582,-10.66279417
14589,-6.752518964
14593,-6.129041021
14600,-6.308378986
14601,-6.877991108
14603,-4.269053342
14609,-10.354417329
14611,-4.514649422
14613,-3.853503598
14621,-5.769649851
14628,-3.911765822
14629,-5.93131791
14630,-2.511570318
14634,-6.829787891
14663,-4.658098735
14665,-2.451069053
14667,-8.618601456
14670,-4.122868605
14675,-4.384641804
14676,-6.369752257
14681,-6.807107774
14684,-3.762651996
14701,-6.815634571
14703,-4.859058067
14707,-5.112859777
14708,-5.90550028
14711,-4.603586654
14712,-7.507644017
14725,-9.038852915
14727,-0.747627845
14740,-0.548520959
14741,-7.436567292
14747,-5.070879733
14749,-2.09909541
14758,-2.615919588
14764,-5.314622964
14769,-2.772054594
14772,-2.858790127
14784,-7.324041523
14787,-6.502375846
14790,-10.688316858
14793,-1.126860078
14805,-4.13846863
14814,-4.738559639
14819,-5.4204058
14822,-4.133492433
14830,-5.013282712
14831,-7.062949457
14838,-4.028239315
14840,-6.99469151
14847,-4.797108677
14849,-5.264310423
14858,-3.557178018
14859,-6.245174032
14866,-7.674940432
14868,-9.568056089
14872,-1.387200095
14875,-3.345876487
14878,-9.016182758
14882,-4.193795692
14901,-5.144070658
14903,-4.928715458
14911,-1.96776027
14912,-5.77541964
14924,-6.080473809
14925,-8.042461103
14928,-7.742986635
14931,-6.439635911
14942,-8.536543831
14952,-3.401207307
14959,-3.572183579
14963,-6.399477688
14969,-4.249898501
14971,-15.324773156
14979,-6.214050501
14980,-4.154184819
14983,0.052195459
14985,-3.776550724
14989,-1.522643717
14994,-14.251704967
15000,-2.298639427
15010,-5.113671797
15012,-4.473075346
15020,-8.167481325
15033,-5.796190867
15042,-2.497189865
15043,-7.848797426
15049,-8.455527549
15057,-8.406470562
15059,-4.584722503
15061,-10.753036265
15064,-1.052982579
15065,-8.404444499
15068,-7.654515204
15070,-7.191731549
15079,-10.608024095
15086,-3.635274919
15109,-7.710498338
15115,-6.537344825
15123,-5.294477355
15125,-3.856030285
15139,-9.404742642
15154,-10.233128691
15158,-8.090454273
15160,-4.267358218
15176,-6.005500606
15194,-5.104861994
15198,-6.634344903
15202,0.162533336
15209,-4.490611678
15222,-9.185654023
15226,-7.636539399
15231,-6.804129414
15238,-6.170993981
15242,-3.175884717
15243,-4.28324795
15245,-1.58290723
15246,-5.539975582
15248,-8.95137095
15249,-4.914725622
15258,-1.917300148
15259,-0.126812309
15270,-6.783839025
15278,-3.887711812
15284,-2.954351726
15317,-8.122639705
15324,-5.089107093
15326,-9.346227274
15327,-6.169947066
15328,-2.874337059
15329,-6.882522873
15332,-3.582318674
15334,-4.135718139
15351,-6.527923899
15358,-5.27404714
15365,-3.718197831
15368,-5.082321586
15372,-6.174184077
15373,-7.500409789
15378,-3.870572043
15383,-8.595501229
15386,-4.499027186
15389,-8.265005724
15398,-8.949877013
15400,-7.196170368
15406,-6.035608599
15412,-9.419994826
15415,-6.096047203
15417,-2.593526029
15422,-5.82004303
15425,-6.820471877
15435,-3.506162306
15437,-14.2573853
15439,-7.28365888
15449,-5.875532499
15476,-4.617507555
15487,-3.366284598
15488,-6.846262759
15508,-5.097302786
15520,-6.347259862
15527,-11.443077167
15532,-7.537876935
15534,-7.443332478
15535,-1.278812915
15537,-0.499559487
15547,-5.388077107
15563,-7.490623915
15566,-5.413739179
15569,-2.48344765
15576,-4.514317586
15587,-4.600155888
15588,-1.065601347
15609,-4.828380402
15613,-7.289539619
15624,-2.561767225
15638,-6.679528912
15641,-6.035363288
15645,0.589919923
15650,-11.742739182
15652,-2.870797927
15666,-3.501949093
15668,-3.151026513
15670,-5.356695484
15674,-5.648076566
15680,-2.266346131
15685,-3.603869314
15697,-2.595792769
15701,-7.315692765
15705,-4.895908247
15716,3.214494762
15717,-4.191039227
15720,-10.291376187
15730,-13.120190738
15732,-4.150891648
15742,-4.841167608
15752,-5.230937561
15768,-4.980402089
15773,-3.545259197
15774,-5.118266205
15784,-9.199102689
15791,-9.368982481
15793,-6.901616136
15794,-9.792135214
15796,-6.525245924
15798,-4.849609957
15803,-7.231384556
15816,-6.350262383
15817,-4.050240942
15822,-3.724379145
15833,-4.321389137
15838,-8.244290679
15839,-7.998375213
15842,-3.397806153
15843,-3.616420113
15844,-6.917587404
15845,-9.897956136
15850,-0.317852212
15858,-7.268270787
15864,-8.215731419
15867,-2.317193574
15869,-6.520672879
15872,-5.712796862
15879,-8.571824636
15884,-6.746781257
15885,-3.314517271
15888,-9.829127291
15889,-6.471969568
15899,-6.135194941
15900,-2.776138225
15903,-6.890717401
15909,-3.46092822
15917,-6.201773479
15920,-6.431827679
15944,-3.931419825
15949,-6.216856719
15957,-5.559888411
15967,-5.996585414
16004,-5.152526388
16006,-3.861982138
16007,-6.56612176
16010,-5.316441709
16018,-8.369153292
16019,-1.383262196
16027,-6.697859012
16040,-7.457487958
16044,-10.305190209
16058,-6.518165675
16070,-2.629118181
16076,-7.660070542
16078,-4.809228473
16080,-8.387280113
16085,-8.618984826
16096,-5.65887266
16098,-5.849320807
16104,-0.945715056
16108,-5.129570594
16110,-4.553787367
16115,-5.741091226
16116,-3.617709836
16118,-5.153396608
16119,-11.511886968
16120,-6.68651008
16137,-4.709579205
16146,-4.940152758
16156,-7.084107047
16161,-7.326650383
16171,-6.922360276
16176,1.90082478
16178,-5.0711107
16180,-5.446441303
16191,-5.218632976
16204,-3.793340782
16206,-5.336205253
16212,-5.683907944
16223,-3.83552643
16228,-6.944133222
16231,-6.248131129
16238,-6.507053496
16243,-3.646512644
16245,-5.116138758
16247,-2.620824521
16253,-3.095634977
16255,-5.134997112
16256,-9.147880653
16259,-7.262811142
16265,-4.961565454
16270,-9.273964931
16277,-6.160703839
16278,-5.530035431
16284,-8.534517785
16294,-4.839554838
16299,-3.005488063
16306,-5.465790555
16312,-1.525450678
16321,-3.936347662
16323,-5.529677215
16324,-5.368934798
16325,-1.811773715
16326,-5.756305164
16333,-6.581157689
16335,-6.539393559
16338,-3.45662393
16340,-2.212577463
16347,-8.425552569
16349,-5.341904048
16364,-6.596662032
16369,-1.807971317
16377,-8.161200129
16386,-12.340610017
16391,-4.47809785
16393,3.533109258
16395,-5.431098953
16402,-0.044628465
16435,-3.122437977
16443,-6.547077563
16449,-4.896064607
16450,-4.524008205
16460,-12.915300895
16464,-6.890717401
16484,-5.661397857
16487,-6.975612496
16501,-8.658459489
16504,1.258642042
16510,-8.83649454
16514,-2.542261966
16522,-1.457955302
16526,-4.207375357
16548,-11.080388865
16552,-2.703699448
16557,-5.952071156
16558,-6.288874593
16564,-8.366195577
16569,-7.149783308
16571,-4.897671036
16596,-4.197100923
16601,-8.778006099
16604,-9.875860445
16605,-1.160968153
16621,-1.776427829
16625,-2.110815997
16654,-6.464570667
16655,-1.712134956
16662,-5.849462425
16667,-2.650100323
16669,-7.312363822
16682,-5.818220842
16687,-7.301101081
16700,-10.009225923
16704,-7.328199877
16707,-5.305068133
16709,-10.4606014
16715,-4.532829385
16725,-4.250378015
16746,-6.763503955
16753,-4.763518906
16758,-5.02067674
16761,-2.288521609
16762,-1.033741363
16766,-4.628797254
16783,-7.544725061
16787,-2.939149978
16794,-3.64474708
16808,-6.620385214
16810,-5.139965772
16817,-12.002532761
16824,-8.506084114
16833,-5.795169992
16846,-7.428735258
16859,-2.753029354
16860,-4.48129712
16862,-4.816514617
16865,-3.276287301
16869,-6.339744168
16875,-7.044214501
16876,-1.575128222
16880,-5.604787479
16881,-4.267214388
16884,-3.312125724
16889,-4.56746484
16893,-2.067423328
16894,-6.63415565
16897,-6.75656047
16901,-7.418844925
16910,-4.32285126
16913,-6.211732193
16914,-6.056025968
16924,-7.050791984
16927,-4.255985525
16936,-6.063541092
16951,-4.629503437
16959,-4.957234672
16969,-6.836934348
16971,-2.975780964
16974,-6.462470845
16975,1.175521163
16978,-11.031128948
16979,-5.491900589
16983,-4.923182971
16984,-8.740059127
16993,-1.238404458
17003,-5.673185288
17005,-4.686231705
17007,-6.091966812
17012,-3.198559489
17013,-7.213428182
17016,-7.377156523
17019,-6.441267536
17036,-3.94200594
17038,-6.847239835
17054,-6.351544147
17061,-4.46234755
17062,-6.338083601
17063,-7.469594746
17067,-4.295333673
17075,-6.796569347
17086,-0.545747236
17088,-2.433617575
17094,-7.203868778
17097,-1.755452168
17120,-4.309151336
17122,-3.12289355
17130,-7.521420414
17141,-7.057595931
17148,-3.808197617
17151,-7.044465251
17156,-6.815680673
17171,-4.730105473
17195,-8.560032036
17205,-8.327572785
17210,-3.313092657
17211,-2.204253338
17212,-6.482677219
17225,-4.976782171
17231,-2.401125588
17245,-0.870729421
17246,-2.934483453
17251,-1.560561653
17252,-1.424607315
17260,-7.28492092
17268,-6.896192984
17269,-6.383126535
17272,-4.415954989
17276,-8.683543547
17281,-5.028076884
17287,-6.717810123
17288,-2.868428214
17295,-8.982214375
17301,-10.748102915
17302,-5.328292044
17307,-7.658548891
17308,-7.918655872
17314,-10.34960626
17315,-4.197746212
17319,-8.972416733
17321,-8.440453666
17322,-6.686029193
17326,-3.962382353
17334,-10.309346048
17341,-5.171073751
17353,-7.790006661
17372,-7.191008942
17373,-6.437247474
17375,-4.854717407
17380,-3.950590472
17381,-6.851231521
17384,0.740143843
17388,-6.913445631
17406,1.980065905
17410,-9.926248996
17448,-5.063719755
17457,-6.937888467
17459,-1.167220006
17463,-2.128360574
17464,-5.913292318
17472,-3.544261431
17477,-2.091543709
17479,-7.098676812
17484,-3.347543807
17491,-4.774686703
17493,-9.039309356
17494,-5.697586877
17498,-4.821022597
17506,-3.527962587
17510,-6.733025656
17517,-5.240256189
17522,-3.703842414
17537,-7.555270622
17541,-6.91227442
17543,-8.072575968
17544,-5.883839555
17545,-2.937423335
17547,-0.801777047
17549,-5.601310093
17551,-8.269865505
17553,-5.444548785
17559,-2.786602787
17571,-3.417622723
17572,0.656439656
17573,-8.341251386
17580,-7.900831806
17582,-7.115831263
17586,-1.340575091
17588,-9.064352859
17601,-7.83849895
17609,-1.51337478
17617,-0.632600393
17627,-2.465949445
17634,-8.142517199
17648,-6.800357014
17654,-6.280310879
17655,-5.710873162
17659,-2.603877169
17662,-4.597324609
17674,-7.309398931
17691,-5.115719108
17697,-4.862618555
17707,-6.286326996
17711,-7.825992699
17714,-4.936916842
17721,-8.086531352
17726,-11.977984354
17746,-3.513866423
17755,-7.429813416
17756,-6.320539906
17757,-3.496310262
17759,-5.654242441
17764,-2.013291417
17769,-7.923705242
17778,-6.847509772
17784,-3.361595792
17792,-9.005093323
17796,-5.716534893
17798,-5.468151941
17799,-4.940764543
17807,-4.335213139
17812,-3.800509312
17826,-2.374078483
17832,-2.676957426
17837,-7.363453255
17840,-5.841142423
17847,-2.084056935
17849,-8.047775495
17851,-10.196464932
17863,1.152389051
17875,-4.82565361
17877,-5.025027467
17885,-3.310521217
17886,-1.888366844
17893,-12.790279689
17894,-2.084056935
17900,-4.068631976
17908,-3.382220261
17909,-5.327272495
17923,-10.9177552
17924,-9.458825141
17925,-5.602105545
17940,1.402993286
17947,-8.953618127
17960,-5.410517572
17967,-9.378406005
17969,-8.211590079
17973,-2.178773968
17977,-6.509354759
17993,-10.062360825
17995,-6.79996369
17998,-4.043813085
17999,-4.557321306
18009,-8.117378445
18010,-8.79840717
18015,-2.499529964
18021,-6.25684199
18027,-2.708359965
18028,-5.762509981
18029,-3.985744805
18034,-7.869192531
18035,-5.877885367
18038,-5.439773771
18042,-7.534857464
18044,-0.712183328
18045,-7.664090326
18048,-5.165421237
18053,-4.90595498
18064,-6.406039496
18066,-1.785357632
18073,-1.869919638
18075,-4.004167169
18080,-4.903420457
18085,-8.112759752
18089,-7.774512526
18104,-4.08901161
18105,-7.182165326
18111,-4.556439437
18114,-4.335213139
18134,-8.855079178
18137,-7.480406234
18149,-3.187040174
18151,-5.18368587
18170,-1.429837204
18174,-8.152383864
18186,-7.065360214
18187,-3.255857932
18192,-9.303979592
18195,-4.223493578
18205,-5.039912925
18207,-7.832342045
18213,-8.644751775
18215,-6.645412765
18221,-8.854703392
18233,-5.648520839
18235,-3.013971365
18238,-6.70930105
18241,-3.665899726
18261,-5.947075225
18270,-7.976950461
18287,-12.66434768
18295,-6.909850536
18296,-7.246878254
18301,-2.057721749
18307,-1.488440369
18308,-5.496273558
18310,-1.403777291
18311,-7.202632876
18322,-4.943789329
18323,-4.696840901
18328,-7.783332951
18333,-6.918928728
18335,-4.640687534
18348,-4.128470522
18358,-3.945669203
18367,-2.701867025
18375,-3.76254257
18380,-4.094223803
18388,-10.51479109
18392,-8.905680111
18401,-0.95743959
18403,-4.241051854
18406,-4.908337876
18411,-6.657524872
18413,-7.263436454
18416,-9.077310981
18420,-6.34282515
18423,-6.40687557
18425,-5.271461692
18438,-8.240026041
18441,-2.461071841
18444,-8.375404066
18446,-7.684633062
18447,-6.120256872
18453,-7.582803396
18468,-4.423121641
18477,-7.901166343
18483,-1.090316103
18487,-2.557350972
18489,1.408969409
18508,-3.744565829
18512,-6.932373097
18517,-0.567794456
18526,-6.878407244
18527,-6.426043023
18537,-5.602112177
18547,-9.315518612
18548,-5.919710724
18558,-6.760356833
18562,-11.859824585
18568,-2.741117308
18585,-3.052232235
18590,-5.052892704
18596,-3.166927798
18598,-6.97876973
18607,-4.81473232
18621,-2.962835477
18628,-6.162260048
18635,-7.481429995
18637,-2.740953153
18641,-7.155585626
18643,-4.367715788
18669,-3.458375705
18675,-3.831713631
18678,-7.231862997
18679,-5.487663269
18685,-4.245808072
18698,-5.865183804
18708,-5.308945972
18716,-1.351272158
18718,-5.21913971
18719,-7.17340996
18723,-3.450189801
18727,-5.367160167
18738,-1.494642524
18749,-4.940845452
18751,-1.6244776
18752,-11.303031339
18759,-5.842203649
18771,-3.164981535
18786,-6.702172359
18787,-3.493796859
18790,-2.079658604
18808,-7.535497476
18812,-7.471953017
18817,-6.172558735
18823,-4.409434465
18833,-5.565560117
18843,-6.745796868
18855,-4.357886333
18868,-2.512910741
18869,-7.292598572
18876,-4.91485123
18882,-3.863837754
18887,-1.070989976
18890,-8.154384787
18894,-6.657287708
18895,-3.577882394
18897,-4.32285126
18898,-9.466290825
18911,-5.422195931
18921,-10.597015159
18928,-8.616936878
18929,-5.520898355
18932,-6.83478584
18937,-3.134668358
18940,-4.64484698
18948,-7.684326438
18968,-8.266510191
18977,-6.80721688
18996,-3.262252373
19000,-7.213942188
19002,-3.296661019
19006,-4.274663712
19014,-1.112241094
19024,-4.754389192
19025,-7.530810221
19027,-3.810852912
19033,0.197447451
19056,-4.963650973
19060,-7.216939887
19062,-9.924370695
19068,-5.000940363
19069,-2.113758426
19071,-3.50170123
19072,-4.312447686
19082,-9.565829836
19087,-7.413532281
19090,-4.027656273
19103,-8.623681293
19105,-7.043743529
19108,-11.777428563
19111,-8.597781394
19112,-5.177106764
19122,-7.265744044
19133,-10.524470736
19138,-7.511798187
19153,-2.094636198
19158,-7.330918444
19160,-2.055503997
19181,-9.977625013
19189,-3.49619024
19190,-3.626962811
19191,2.317668113
19200,-7.725893156
19201,-4.237283452
19218,-6.801858828
19222,-5.806994154
19227,-3.949122658
19230,-4.214443973
19231,-2.202496893
19244,-2.072288761
19275,-4.988435612
19285,-4.44667045
19287,-6.081516743
19293,-1.018053481
19294,-3.024871872
19307,-3.044243458
19309,-7.829206966
19311,-9.964016322
19317,-7.094884991
19329,-0.564498033
19335,-7.012445185
19339,0.581908775
19340,-4.744829462
19348,-6.249231915
19353,-2.621195487
19357,-2.757746243
19373,-6.469908063
19377,-9.913780092
19381,-4.417524519
19393,-3.818647348
19396,-7.690143197
19406,-8.088231818
19414,-3.728621554
19419,-6.14703597
19423,-7.719937418
19426,-10.176871276
19428,-0.325391433
19432,-7.88573622
19434,-4.923650854
19435,-9.005983105
19439,-4.60396997
19444,-7.443332478
19451,-6.744244007
19473,-6.076160478
19486,-3.686800535
19490,-5.662629809
19496,-3.642214101
19498,-6.455401741
19500,-5.368113008
19502,-6.732168803
19503,-2.017994946
19505,-1.935609067
19507,-1.059513719
19512,-8.901086299
19519,-3.446167108
19520,-9.803083904
19522,-1.387487603
19526,-8.563885457
19531,-10.03747669
19548,-7.999959419
19555,-4.381338563
19560,-4.727763789
19561,-4.657221282
19575,-10.205239135
19576,-10.525326472
19590,-4.72959858
19601,-6.147155497
19602,-7.65765236
19613,-5.386110112
19631,-2.382065098
19636,-6.460346412
19642,-8.024811686
19644,-3.290968315
19667,-4.495176307
19671,-5.052884652
19682,-4.460856929
19687,-4.452069022
19705,-6.791627638
19714,-6.452542675
19715,-6.381757741
19720,-9.100037502
19721,-6.00234096
19724,-5.723152983
19729,0.197637921
19737,-5.164062971
19750,-6.032785158
19755,-4.516039988
19767,-9.369313324
19770,-8.599659482
19780,-0.341698526
19788,-4.98081666
19792,-7.985848664
19793,-5.270076655
19795,-5.283587399
19805,-6.682456289
19807,-5.263974747
19812,-5.075750692
19814,-8.629785275
19821,-1.895006388
19835,-1.827138471
19844,-6.505489
19847,-3.571870905
19850,0.47874214
19851,-11.401155562
19855,-2.615451194
19872,-0.464457789
19873,-7.525389475
19874,-5.505545784
19876,-4.065509298
19879,-8.10733569
19885,-3.872369636
19886,-6.216091905
19892,-1.806210638
19894,-1.949871355
19900,-4.073187099
19909,-7.651416455
19915,-4.165576487
19918,-5.081772695
19922,-0.092175536
19939,-6.150434187
19954,-3.650531277
19965,-4.564406633
19980,-7.530291233
19984,-4.455346055
19987,-4.608809144
20001,-2.473988748
20006,-2.726873038
20009,-9.181485602
20011,-12.628173541
20024,0.46649135
20029,-3.21780269
20031,-10.265791626
20066,-9.331074958
20072,-2.732620957
20084,-3.735186718
20090,-5.975950999
20097,-5.950495703
20100,-4.95592372
20111,-4.283934609
20114,-6.627206651
20118,-5.208226037
20126,-8.49165145
20130,-3.937099918
20131,-4.561760791
20137,-6.519821109
20140,-5.79547813
20145,-1.857786262
20148,-7.49009845
20152,-0.001896826
20153,-3.302614233
20159,-5.440221957
20176,-5.044685122
20181,-6.592916044
20186,-5.699748587
20193,-3.023559955
20198,2.407163173
20204,-6.760300677
20205,-3.764916048
20210,-5.532572743
20211,-6.86428536
20223,-5.550984986
20229,-6.135194941
20231,-3.043474096
20232,-6.818511084
20243,-10.462683183
20244,-4.216582973
20266,-9.352320119
20267,-2.491614673
20268,-7.707123384
20280,-7.594254967
20283,-7.185861455
20287,-3.288386237
20290,-6.027572237
20293,-0.538107419
20296,-7.44616003
20302,-8.48608724
20308,-5.826950898
20316,-3.069842298
20318,-10.264989065
20334,-4.987608518
20351,-5.171365742
20357,-6.976013133
20360,-5.923641733
20364,-1.89094849
20369,-2.081329307
20375,-8.306931369
20396,-1.383262196
20397,-5.165906829
20412,-1.802399442
20414,-7.011448655
20416,-4.165214221
20439,-6.861501449
20442,-6.545786693
20448,-7.451051434
20466,-5.687434355
20483,-5.900382521
20485,-3.91289534
20490,-1.401031588
20491,-6.261444694
20493,-7.386643004
20520,-7.397847258
20526,-4.580882955
20544,-7.038511615
20545,-3.045765409
20550,-6.731612557
20558,-9.150378107
20574,0.582525969
20581,-6.445174289
20584,-3.183497155
20597,-3.84075334
20600,-11.016168487
20601,-8.931351125
20602,-5.982918184
20603,-7.97665089
20609,-4.735790332
20619,-5.258577721
20621,-9.823363483
20628,-6.844028486
20632,-5.385447665
20635,-6.857881075
20640,-4.697202801
20650,-8.145334369
20652,-2.206123721
20656,-2.66318909
20663,-3.749926916
20666,-2.109730106
20681,-5.428663175
20682,-7.836013636
20684,-2.137811583
20688,-4.628296077
20696,-10.298462244
20697,-7.058940272
20707,-3.39696351
20712,-9.756190953
20715,-1.329985105
20735,-8.893695384
20749,-6.3280356
20752,-6.474197134
20757,-8.696097527
20763,-6.618795665
20786,-5.95327903
20790,-4.50541282
20791,-5.915570302
20804,-9.027032435
20806,-4.528847051
20818,-7.423088272
20821,-4.504034772
20828,-3.328656853
20831,0.033232113
20835,-4.449946913
20838,-1.132074886
20839,-5.496273558
20840,-3.859724239
20841,-3.275604842
20842,-5.27390922
20880,-5.53207584
20881,-6.040744372
20889,-0.058201899
20910,1.442122667
20921,-5.225331382
20923,-7.794065654
20938,-4.688993538
20951,-12.200724982
20967,-1.450243972
20974,-10.190156392
20987,-10.587059083
20989,-5.512044538
20993,-7.068116395
21009,-5.439347975
21026,-5.879288918
21033,-7.55210682
21044,-5.770498897
21049,-7.039259389
21051,-2.205316997
21052,-3.719009349
21059,-5.932347767
21065,-10.113007466
21079,-7.942190306
21081,-8.573845824
21084,-3.991278647
21085,-0.318355702
21093,-10.966362668
21103,-5.335222734
21116,-4.846739669
21121,-4.011968911
21125,-4.120689301
21127,-8.697595425
21131,-4.71897357
21161,-0.851261287
21171,-3.033527662
21201,-9.52734889
21203,-6.384327523
21208,-8.422078186
21213,-7.053660772
21237,-1.391361939
21240,-3.612401051
21271,-7.565947235
21277,-4.625216852
21281,-6.361604273
21283,-7.880772608
21285,-3.642440899
21289,-5.581152861
21291,-11.574431014
21305,-4.990749395
21306,-0.178717057
21307,-5.528917102
21308,-4.750985807
21312,-9.92973437
21313,-6.799304676
21317,-6.875985462
21322,-5.712874008
21333,-7.089217422
21356,-9.026413091
21357,-3.955616385
21360,-3.713584421
21374,-5.389611586
21375,-3.41220944
21385,-3.258374458
21394,-7.082151121
21395,-9.165218884
21399,-5.10850985
21406,-8.957637941
21413,-6.49717005
21426,-6.682496072
21428,-2.625135292
21438,-5.527579008
21440,-8.23512829
21443,-8.018523795
21447,-5.389146628
21450,-3.46488754
21453,-4.374746455
21454,-4.385280784
21457,0.166765092
21460,-7.689671767
21478,-11.491885932
21481,-6.185998153
21483,-2.706766769
21495,-6.429111172
21512,-4.354304346
21525,-8.905326419
21538,-6.783317826
21541,-3.736087375
21543,-6.752674264
21553,-2.813686561
21555,-6.173884963
21560,-5.847693508
21562,-3.839029385
21564,-7.441278779
21568,-4.390040759
21578,-7.756688624
21582,-7.405845254
21583,-4.947765376
21597,-11.145743653
21606,-5.316392179
21614,-9.038852915
21630,-7.977338347
21651,-4.616096368
21655,-3.51831703
21663,-3.116753981
21668,-8.266634909
21681,-8.771415482
21682,-3.943184957
21684,-6.387171773
21689,-4.516746269
21693,-7.311735435
21701,-6.05080184
21704,-1.257243533
21710,-7.804311914
21716,-1.323315431
21731,-3.052628605
21737,-9.115409488
21741,-8.908359108
21745,-8.088829439
21755,-4.933692994
21772,-2.044185096
21774,-3.992204721
21791,-9.238660167
21798,-6.167612554
21820,-10.365681477
21822,-1.322134907
21826,-5.094252291
21834,-5.585089317
21838,-3.771947697
21841,-3.408283225
21847,-6.962274791
21848,-3.5770106
21856,-6.869522107
21860,-6.248984971
21871,-0.66733132
21873,-2.478070607
21874,-5.141718489
21880,-2.552084133
21900,-6.809228489
21910,-7.385463125
21911,-6.77823924
21923,-5.13179085
21931,-4.934445183
21933,-4.027666381
21937,-1.159863694
21941,-5.766520857
21943,-4.130023896
21949,-4.520718297
21955,-1.469947993
21966,-6.258102314
21967,-0.95690799
21970,-6.547077278
21977,-10.227659439
21979,-7.418895959
21992,-6.215524499
22018,-7.193538158
22031,-6.206815446
22032,-6.053687584
22038,-7.74891155
22048,-9.843985069
22053,-5.467276862
22066,-6.296674828
22071,-7.626951788
22078,-2.904735028
22082,-8.454439313
22092,-4.062435233
22093,-5.441379095
22097,-6.750133162
22098,-10.639580117
22102,-3.151907765
22105,-7.237100217
22126,-8.425279543
22137,-11.082006286
22139,-6.729597013
22140,-5.609283889
22158,-0.755908649
22169,-6.537465292
22173,-9.968552764
22184,-4.537302813
22188,-6.385458659
22204,-2.033623546
22211,-7.139792544
22214,-2.82960193
22217,-6.867937752
22240,1.176015061
22241,0.30856726
22244,-6.844204457
22249,-5.90389735
22261,-7.320397569
22267,-4.790369291
22268,-3.273306473
22269,-4.575362347
22275,-6.300427031
22277,-2.358517312
22278,-5.51169886
22284,-2.625506342
22289,-7.032726889
22315,-8.001564275
22319,-7.707649867
22324,-2.560433384
22340,-4.861986248
22345,-4.069993729
22348,-4.157326478
22355,-9.363664925
22356,-1.647832028
22359,-1.199196131
22360,-8.711208512
22362,-5.009089443
22365,-5.241424384
22366,-1.594814403
22378,-0.497694448
22386,-7.747175236
22394,-6.872471877
22397,-7.200441372
22408,-2.780227423
22413,-9.035182012
22416,-7.475286988
22421,-5.368819929
22422,-7.917858731
22425,-2.675549458
22429,-6.737688678
22433,-5.734096225
22434,-3.816230188
22438,-8.620193598
22444,-10.776735454
22445,-6.173871882
22455,-7.444155608
22458,-4.003156267
22464,-4.453190691
22468,-8.642673364
22474,-5.779048798
22479,-1.873886797
22482,-7.504084738
22486,-6.796127414
22488,-8.04522826
22489,-3.174387322
22505,-7.742313043
22526,-6.09372201
22529,-5.184720016
22533,-1.872947016
22536,-3.262822047
22541,-2.221272543
22542,-7.797582193
22549,-1.78373133
22552,-1.87830464
22564,-4.563440577
22565,-9.038852915
22569,-8.94614567
22601,-6.073601101
22605,-4.24073362
22608,-0.80672369
22626,-6.998411453
22640,-4.451441731
22642,-2.513662462
22644,-6.112885675
22647,-7.660629236
22650,-3.492344757
22651,-5.678841314
22655,-12.959040143
22662,-6.848064777
22666,-4.595009751
22669,-8.088561909
22672,-7.518286416
22675,-12.359016538
22679,-9.345355088
22686,1.936019652
22694,-10.148584225
22696,-3.353648761
22706,-2.328433159
22711,-7.984654019
22715,-7.387411008
22721,-7.954748752
22738,-9.16758311
22740,-2.902540078
22748,-4.672776247
22756,-8.153278517
22762,-4.641459915
22768,-9.8767446
22769,-6.733025656
22770,-5.781642588
22772,-5.243919466
22786,-4.521166688
22793,-7.31205918
22801,-5.846838567
22802,-3.050846445
22806,-2.778530819
22808,-2.332551196
22810,-7.518851164
22817,-5.288985024
22818,-6.401639
22824,-4.856683121
22827,-4.865544626
22837,-7.613897819
22848,-8.893982015
22853,-6.318247287
22856,-7.539888815
22866,-6.327165197
22867,-5.324357289
22869,-2.489571839
22871,-4.965720295
22874,-2.779280532
22876,-11.835608658
22882,-5.878494651
22889,-5.268427504
22901,-6.107610792
22912,-5.446548487
22913,-2.310109207
22916,-4.592764554
22919,-3.808789138
22926,-4.416454438
22942,-8.195105764
22953,-6.365427034
22956,-4.207898498
22971,-9.792959826
22974,-7.623914986
22979,-7.570716678
22982,-3.964302338
22985,-5.370439951
22992,-6.295756836
23010,-4.156131605
23015,-8.076371453
23018,-4.855240906
23026,-2.152303806
23030,-5.329211653
23034,-9.147229527
23049,-4.722529763
23055,0.725143775
23058,-6.07920964
23065,-5.571664954
23085,-1.188904724
23090,-6.380486391
23094,-7.143121924
23099,-11.390584017
23104,-4.584399815
23111,-8.815632754
23114,-4.067354696
23130,-5.06196599
23133,-7.605041779
23138,-1.186693238
23144,-4.890291336
23153,-5.04692986
23155,-5.564361269
23160,-7.126099142
23161,-6.280310879
23163,-10.186709414
23173,-6.613713516
23178,-2.163600423
23184,-4.913758661
23187,-5.881848835
23198,-6.977103641
23205,-5.429296644
23213,-6.417370938
23217,-5.803300547
23235,-3.589135417
23240,-9.985072874
23242,-7.571721132
23245,-5.049768464
23246,-11.525818249
23247,-7.689649214
23248,-7.87826316
23252,-7.361660852
23262,-0.395755041
23265,-5.314205208
23266,-8.619963314
23272,-12.277437772
23288,-2.975598278
23295,-2.816740351
23314,-4.048874043
23316,-4.958817055
23331,-7.443257153
23338,-5.823115918
23352,-3.917791379
23366,-5.505545784
23379,-7.509854635
23390,-8.137569231
23394,-11.237388854
23400,-5.968647612
23405,-8.66574989
23418,-6.186907724
23419,-7.765813607
23422,-5.212100479
23425,-5.641772592
23428,-3.954865703
23434,-7.147643447
23457,-3.646512644
23471,-4.082238915
23478,-10.428617468
23483,-6.634954728
23484,-3.100386946
23493,-8.665772151
23508,-3.258669745
23511,-4.121786388
23518,-6.847088629
23521,-7.315624793
23526,-7.288775518
23528,-4.830311148
23534,-2.087804612
23553,-1.648610628
23557,-5.419644341
23559,-5.22323913
23576,-6.104010513
23583,-6.414982429
23584,-4.588748273
23593,-7.976368268
23603,-7.214846545
23613,-7.836503922
23622,-11.185557405
23627,-6.416978785
23632,-4.333532066
23640,-8.78414155
23643,-7.110016324
23646,-5.870910269
23650,-4.093586203
23653,-6.732206429
23663,-5.034209297
23673,-7.464395066
23675,-8.819650484
23686,-9.270996646
23688,-5.511988868
23699,-4.99152265
23702,-4.298463618
23706,-2.487334559
23714,-5.000818849
23724,-5.931828562
23734,-5.810235381
23737,-6.867722678
23738,-3.53326932
23741,-1.125879476
23775,-2.922284605
23779,-4.989484517
23789,-1.836219866
23796,-4.747752486
23800,-8.324148728
23806,-1.495107785
23817,-5.765390714
23819,-4.706381711
23828,-6.277801398
23838,-6.322781474
23840,-2.786842307
23845,-7.792780753
23862,-2.215473846
23863,-1.817312156
23864,-4.15377504
23869,-4.035158352
23873,-1.063593868
23881,-9.381238578
23887,-3.434882817
23888,-3.01053202
23896,-4.885427382
23899,-6.805260037
23901,-9.434935933
23920,-3.406938325
23922,-4.455159215
23961,-6.213416462
23968,-4.230484285
23983,-2.552061428
23988,-4.166723984
23990,-5.442148018
23992,-11.97903917
23995,-5.953969525
23996,-9.848063279
23999,-9.55269411
24006,-2.790200829
24007,-3.374020359
24018,-7.250119226
24029,-2.850368995
24033,-8.411511978
24035,-6.449725763
24038,-5.763962501
24046,-7.822806231
24073,-6.728976789
24075,-5.07644232
24077,-5.696888943
24081,-4.146386057
24088,-8.42145175
24089,-0.71412377
24105,-10.268046415
24106,-6.10562116
24108,-8.766456715
24109,-7.475976124
24113,-5.082109923
24132,-7.697927187
24144,-7.03046509
24155,-5.477260298
24160,-10.999247038
24161,-3.486227285
24171,-7.178605134
24173,-5.71855372
24175,-1.949040127
24179,-11.602338751
24188,-6.928552359
24190,-6.501262444
24191,-2.500481561
24217,0.061227803
24218,-2.826762959
24221,-2.907896939
24233,-6.664903121
24241,-6.270212176
24242,-2.616508283
24244,-3.534102513
24245,-7.042765113
24248,-8.631904915
24254,-10.816884257
24259,-6.476491412
24274,-8.910467488
24282,-9.113098461
24284,-6.52866718
24285,-4.087605358
24287,-7.216236059
24289,-2.369001304
24291,-7.875525311
24292,-4.578101724
24299,-8.414635803
24304,-3.110208718
24311,-4.061347061
24318,-3.452187734
24319,-4.833823368
24320,-6.080473809
24331,-8.318281311
24336,-1.491123832
24341,-5.740907218
24358,-6.005010034
24369,-3.760545688
24371,-5.804983218
24372,-5.966613491
24383,-0.761808619
24387,-5.467800365
24389,-1.747316182
24397,-6.532718789
24406,-3.805185681
24407,-2.76339262
24415,-6.397761512
24423,-8.830816198
24425,-7.664602657
24427,-2.064505947
24440,-10.68962381
24443,-10.499910667
24445,-5.66269177
24454,-2.212277362
24471,-9.010349634
24474,-1.227422631
24477,-6.474944539
24480,-4.230957359
24491,-3.457820018
24493,-2.823074016
24495,-7.036180221
24502,-3.536528231
24507,-4.101334307
24508,-5.792454585
24513,-6.928401147
24532,-7.396535711
24534,-1.857388748
24538,-5.523927142
24540,-4.989287423
24544,-7.71136023
24546,-6.849297993
24555,-4.804420175
24567,-3.291474539
24568,-6.83392693
24578,-5.464626638
24579,-1.708288381
24581,-5.8739287
24582,-2.144534694
24583,-2.732189695
24586,-2.716298735
24589,-9.206953082
24590,-1.987127243
24591,-3.605192567
24597,-5.134976624
24601,-10.388833521
24608,-6.095077894
24614,-6.573909094
24618,-9.663080265
24622,-3.140204571
24637,-6.25305896
24642,-3.728066034
24653,-6.232971679
24667,-9.668794275
24671,-7.017103813
24679,-4.907222051
24683,-5.564214148
24687,-3.948484896
24690,-5.414354187
24693,-5.896428102
24696,-5.272777344
24699,-7.432567763
24705,-7.518955851
24710,-2.65237622
24728,-5.223291364
24729,-6.482744583
24736,-6.072516383
24745,-3.319740826
24761,-10.226123932
24770,-4.402663836
24776,-7.07438648
24779,-7.874204681
24780,-9.411244239
24782,-8.025183697
24788,0.306415524
24792,-4.037985601
24801,-4.432131722
24802,-0.587470974
24805,-5.039708919
24853,-1.175616901
24859,-4.427018318
24863,-4.853352109
24875,-3.038920915
24883,-5.085950238
24890,-8.822263794
24893,-8.944382901
24903,-3.782746128
24905,-6.500975088
24906,-7.111422617
24916,-8.01906371
24923,-9.590625677
24939,-7.885174775
24952,-8.119238035
24963,-10.53475768
24978,-0.633719072
24979,-5.743339064
24983,-8.242547623
24985,-4.860255637
24991,-4.029698644
25008,-0.994326174
25009,-4.427382481
25011,-11.385883995
25017,0.052451203
25019,-5.76409153
25032,-4.148462663
25046,-7.348876096
25052,-5.049768464
25058,-8.764681146
25060,-4.403511212
25062,-4.859058067
25084,-5.52295133
25099,-8.570686996
25121,-4.170521386
25124,-9.506766684
25127,-1.209421229
25134,-3.243689784
25136,-2.379919737
25145,-10.474653778
25154,-5.511222622
25181,-3.571472492
25182,-3.698543749
25183,-4.002735497
25184,-4.894976349
25186,-10.171567196
25187,-4.264500144
25201,-9.754645192
25204,-0.197372188
25210,-4.813945465
25212,-8.270646267
25216,0.423970021
25220,-5.183051889
25235,-5.308056138
25243,-2.818324794
25247,-8.029674243
25252,-6.464305642
25253,-2.60238711
25255,-4.361491525
25268,-5.211228795
25276,-6.37375327
25277,-0.253971858
25278,-4.867752346
25279,-5.827185785
25301,-9.064309667
25303,-4.66242823
25304,-7.811003887
25305,-0.876499775
25306,-5.193481999
25311,-5.631687296
25315,-3.963688697
25316,-5.661420632
25321,-6.372795498
25333,-2.904711477
25337,-5.132097695
25340,-1.81078977
25343,1.765923851
25363,-10.496787401
25367,-5.729547333
25368,-7.627970541
25377,-1.931893051
25389,-7.804220574
25394,-8.586475274
25399,-4.223334422
25403,-3.349034498
25407,-5.297186037
25412,-8.682688407
25422,-4.255243273
25429,-7.680789148
25430,-6.872471877
25439,-3.989114511
25442,-0.326494188
25447,-7.022719405
25449,-7.235722902
25457,-1.245040379
25466,-8.577995141
25481,-7.49509153
25492,-8.382592607
25493,-4.642354065
25497,-5.795169992
25501,-5.672454524
25506,-4.882906554
25512,-5.876065954
25520,-7.268862872
25521,-5.007093313
25537,-1.459748383
25554,-4.616038887
25570,-8.339329773
25577,-6.653958924
25588,-7.096092961
25589,-8.116719788
25590,-11.387799467
25598,-5.481568151
25605,-11.99639499
25608,-1.694374394
25610,-7.650117484
25615,-8.184099646
25617,-1.158861996
25634,-3.922407002
25635,-4.770370549
25638,-3.852743402
25650,-4.748287433
25651,-7.750886803
25654,-3.541607542
25662,-1.129251492
25667,-4.53475335
25678,-6.799269859
25680,-9.209459898
25682,-4.633976801
25687,-4.730848608
25688,-0.476948936
25698,-4.460516134
25718,-3.772820795
25721,-5.887341011
25740,-3.092317436
25741,-6.413016861
25742,-10.02220329
25761,-9.112824689
25766,-6.088561398
25789,-3.628938979
25791,-11.575751757
25799,-10.896837051
25813,-2.650833592
25816,-4.039963216
25821,-6.772298035
25825,-6.865049374
25830,-8.468982682
25842,-3.67520902
25845,-3.160967778
25851,-4.612328199
25859,-4.096685177
25864,-6.552284809
25865,-1.781840301
25867,-5.949193876
25874,-4.415570092
25878,-1.941751659
25879,-6.623294105
25889,-1.418126153
25891,-7.447689464
25904,-2.742366252
25910,-9.616453289
25914,-4.385280784
25920,-5.282326139
25928,-7.312462128
25942,-7.079588802
25948,-3.403886011
25958,-2.825595455
25967,-7.031843176
25968,-1.594891334
25982,-7.160783215
25993,-11.482017642
25996,-5.00292537
26000,-5.841970252
26010,-6.617064936
26021,-8.246351228
26025,-8.006952011
26044,-7.773971664
26048,-1.774395961
26062,-6.759994854
26074,-12.927533753
26076,-1.428890569
26078,-3.634328904
26081,-6.299918684
26085,-4.850955221
26091,-1.596600882
26094,-2.788902248
26098,-3.287717617
26100,-1.801647861
26103,-9.120330387
26106,-4.999031846
26126,-7.350419682
26132,-3.611914695
26138,-6.261444694
26143,-6.476128092
26144,-5.361542417
26148,-12.237087755
26155,-6.568724671
26161,-3.891726804
26163,-7.604236171
26172,-1.927810138
26179,-5.211440004
26188,-3.035566128
26195,-7.914846458
26206,-5.309978925
26210,-5.290895912
26224,-3.587142244
26226,-3.627120198
26231,-3.402776638
26233,-8.840129779
26245,-2.841559707
26257,-5.225446955
26263,-2.328433159
26268,-1.830626999
26276,-4.325819532
26278,-3.019872936
26279,-1.87419187
26289,-11.302467912
26291,-5.728862986
26294,-4.701324487
26298,-5.923730474
26303,-7.78070391
26307,-0.654406353
26309,-6.957333976
26320,-2.079658604
26328,-4.588872983
26330,-3.899686714
26335,-5.54668031
26339,-5.259082325
26340,-3.625175604
26343,-7.219307893
26344,-6.980220849
26349,-13.299671609
26351,-7.573821226
26358,-1.3578589
26360,-2.959238135
26367,-7.116569056
26369,-3.26602092
26378,-3.3034304
26379,-6.614380085
26380,-4.619761063
26383,-6.620301989
26392,-4.503606169
26396,-3.353108721
26399,-6.187104215
26400,-5.594334353
26404,-6.499799149
26434,-8.551980916
26449,-9.423907853
26450,-5.955682724
26451,-3.376493889
26460,-11.093398555
26471,-6.104989406
26482,-5.642758538
26486,0.295185539
26488,-1.402430571
26491,-7.916750874
26492,-1.183039832
26493,-8.83477268
26494,-8.779799604
26500,-11.544180565
26506,-5.828988952
26508,-0.109233364
26516,-4.129386536
26518,-7.858955147
26520,-6.350742037
26522,-1.393867909
26523,-3.563283573
26529,-5.372063382
26552,-0.684142417
26553,-11.479490134
26560,-3.987134199
26577,-8.544583452
26578,-9.68780011
26593,-13.259092412
26598,1.144798674
26615,-2.211538191
26620,-3.615843064
26621,-6.291487918
26629,-3.180636349
26632,-6.370835521
26635,-7.347856235
26637,-5.130204816
26645,-4.60865538
26648,-3.831477369
26649,-2.706152088
26655,-8.9437409
26661,-4.2455101
26664,-5.790349633
26671,-7.360935765
26676,-5.064167474
26692,-3.252922333
26695,-7.143063148
26708,-4.692525578
26732,-8.028388398
26733,-9.993471061
26746,-5.756483077
26758,-5.532460524
26765,-6.552380929
26769,-4.249134535
26770,-6.695326026
26775,-3.467960676
26778,-6.49759754
26791,-9.668438037
26798,-4.196232892
26808,-4.360543112
26817,-3.209819098
26820,-11.479490134
26827,-10.658564106
26828,-4.651984597
26843,-1.254034746
26855,0.551735057
26868,-1.325678454
26869,-9.065875084
26870,-2.804157484
26888,-1.570202417
26891,0.662759842
26900,-6.077266557
26909,-6.144753142
26924,-7.143534558
26927,-10.097918596
26928,-7.251031209
26929,-5.686162646
26931,-4.818637884
26938,-4.753280692
26942,-9.571210322
26943,-5.771603884
26945,-3.489850999
26946,-5.250223883
26950,-3.610790606
26951,-5.1368579
26960,-11.605252179
26964,-8.036334103
26966,-3.059231359
26976,0.772829078
26978,-5.342309525
26979,-9.439794184
26981,-5.141647749
26982,-1.220117656
26985,-4.073270253
26988,-10.504362651
26994,-9.399898832
27003,-3.583671782
27008,-4.974366202
27013,-4.5186425
27021,-7.550189965
27023,-8.926433665
27028,-8.005697342
27032,1.04482895
27035,-6.648813725
27038,-5.688969084
27039,-6.630909675
27041,-4.770336973
27048,-9.260338457
27077,-7.878186373
27088,-8.837518942
27089,-3.394832728
27091,-3.559430171
27099,-6.422400453
27132,-7.053431606
27135,-3.911456257
27149,-6.65602769
27153,-7.027322949
27160,-4.989301278
27167,-6.670502259
27174,-2.270958167
27175,-5.821386887
27176,-1.34936421
27177,-1.48475537
27179,-7.595440207
27188,-5.674745415
27191,-0.68982109
27200,-6.682666828
27212,-2.411887846
27218,-5.819839588
27220,-4.908912093
27224,-6.830596356
27226,-6.209558521
27227,-5.582628944
27229,-5.280348228
27230,-5.36453727
27233,-4.685081979
27236,-2.465074408
27242,-3.836757816
27250,-9.262024765
27252,-3.772051459
27257,-9.279278761
27262,-8.595878334
27263,-7.776103693
27265,-3.854621073
27269,-6.223469603
27275,-3.654270452
27287,-5.952071156
27288,-3.587487463
27290,-3.442965317
27298,-2.644832874
27314,-6.246529791
27321,-10.160958843
27329,-5.209363856
27342,-6.831932025
27348,-9.514655657
27356,-7.370629216
27358,-4.228900174
27360,-11.602106789
27370,-9.398790982
27384,-7.294247212
27391,-3.34459848
27395,-4.812059015
27399,-7.337598193
27409,-7.651171372
27410,-2.974332858
27415,-7.193077518
27424,-6.454614968
27426,-4.754078289
27442,-2.943887898
27450,-2.370499666
27453,-5.271461692
27457,-7.863679078
27459,-9.770149051
27460,-4.729912857
27475,-5.274705029
27476,-5.628386635
27478,-5.208339358
27487,-7.387266518
27488,-6.615439403
27500,-0.284363212
27502,-2.885417514
27506,-7.596748307
27510,-6.892667819
27519,-7.313044713
27525,-5.170084693
27526,-3.740470526
27528,-6.559303117
27533,-2.098452205
27536,-11.141605626
27537,-4.813337864
27549,-5.343415973
27554,-2.600484802
27559,-4.055541655
27561,-7.342380164
27562,-5.870529952
27571,-2.508021226
27572,-4.808547997
27579,-4.215625127
27583,-3.72997032
27602,-5.504147164
27604,-4.300798322
27618,-1.943419217
27619,-7.492485716
27623,-8.443749788
27628,-0.839881221
27639,-0.857185718
27644,-10.671225174
27654,-3.194800397
27656,-4.645585323
27661,-8.931057474
27671,-6.756972096
27675,-3.989723525
27677,-9.394165776
27684,-7.248026356
27685,-7.232123323
27688,-4.785352675
27707,-3.415561333
27711,-3.874436091
27712,-1.108847
27718,-9.776791631
27723,-6.968781621
27725,-6.669767677
27726,0.678015802
27727,-5.597695749
27728,-4.708518443
27730,-3.109589795
27735,-6.284226091
27749,-6.522029233
27756,-8.229589017
27770,-10.004965953
27779,-8.424087498
27788,-1.776099022
27797,-5.252648052
27816,-0.928913354
27823,-7.102632511
27830,-5.784840502
27834,-4.754545235
27835,-6.350074675
27839,-3.711716731
27848,-6.045432972
27852,-6.223732939
27862,-6.545786693
27866,-8.894627466
27874,-5.818215646
27875,-2.975141208
27877,-2.149585022
27886,-6.845131827
27887,-4.795098682
27904,-10.923840372
27917,-4.671941304
27927,-4.423962689
27934,-7.294238459
27946,-7.416752611
27948,-8.765127024
27958,-4.859058067
27959,-0.655485393
27966,-5.151334453
27969,-5.42691201
27972,-3.91267567
27977,-4.651606221
27978,-6.106216074
27979,-4.389920236
27981,-2.053088273
27993,-7.396535711
27994,-8.521542016
27995,-9.032652679
28002,-4.914725622
28005,-3.36321098
28010,-5.251093413
28020,-12.074580347
28032,-7.729667686
28034,-4.635898669
28035,-6.90127065
28036,-2.742917571
28048,-5.933207807
28051,0.233646599
28056,-6.923340148
28073,-2.524762156
28083,-4.937105827
28101,-6.990482631
28102,-3.302981373
28108,-7.110883322
28109,-7.508247244
28116,-6.405706806
28121,-6.124276409
28124,-1.698395618
28125,-5.915801096
28126,-5.482104508
28140,-10.475918648
28141,-3.565558732
28148,-6.180216954
28150,-7.944654529
28151,-7.413070311
28156,-7.042360203
28157,-2.620824189
28160,-6.808432774
28192,-7.541793783
28194,-1.044747785
28195,-5.561321696
28199,-2.890242284
28201,-7.885027685
28208,-7.684386579
28209,-1.391024736
28239,-4.931068053
28249,-8.188781158
28250,1.08329242
28262,-4.922017989
28263,-8.723109411
28265,-2.740953153
28270,-9.517894179
28279,-3.561228407
28286,-5.055382581
28295,-4.993079422
28296,-6.037805746
28303,-3.16604553
28304,-5.007984628
28310,-6.207341566
28316,-5.413181151
28327,-5.153357405
28332,-12.13592025
28333,-5.007856828
28338,-6.685157147
28340,-5.449617464
28341,-8.775978614
28349,-2.915879121
28350,-4.444083744
28351,-7.113016511
28356,-4.808269373
28360,-5.493336854
28366,-8.734743326
28373,-10.929777806
28374,-2.896162501
28379,-5.839856862
28386,-3.213666586
28388,-2.158710394
28395,-5.465035991
28399,-5.392122648
28401,-6.209558521
28404,-4.268572261
28414,-4.593798295
28418,-5.454433178
28427,-5.722773712
28429,-6.289107641
28430,-5.378702062
28431,-7.010072588
28435,-8.728816828
28443,-4.773875318
28445,-5.49663979
28447,-5.403912078
28453,-3.510064683
28455,-1.660492281
28456,-8.125675436
28457,-11.215311917
28465,-8.062665661
28476,-6.212646695
28499,-0.607025105
28500,-3.603004368
28501,-6.939876634
28519,0.543640596
28528,-11.087689687
28530,-6.914566668
28532,-10.339389564
28539,-5.754871404
28547,-11.539960319
28556,-5.127438664
28561,-10.96184101
28563,-5.559028224
28567,-5.443508293
28574,-3.594474061
28578,-5.17958135
28583,-6.099850407
28586,-2.76402829
28593,-7.216681102
28594,-8.494647543
28599,-5.362789825
28605,-5.524453842
28606,-10.41109996
28617,-5.136097288
28620,-8.347461385
28621,-4.580272504
28629,-7.212369517
28634,-5.696292034
28637,-2.281548981
28646,-7.567485406
28648,-10.047197026
28655,-3.029987631
28666,-5.240743602
28675,-3.638955989
28684,-4.871505938
28688,-7.25254396
28691,-6.704854523
28692,-3.054882409
28695,-7.563248425
28701,-8.454956423
28704,-7.946037933
28711,-2.768908078
28719,-7.995875019
28729,-7.650779831
28731,-4.663358607
28736,-3.816494341
28742,-5.049338999
28755,-5.437425262
28778,-1.912361351
28779,-7.405821903
28783,-0.670757361
28784,-4.94841417
28807,-8.173843998
28824,-4.557544323
28825,-4.951274283
28841,-5.93954165
28842,-7.666781689
28858,-5.673185288
28860,-4.756147249
28863,-2.989131705
28867,-8.288818565
28872,-0.693209872
28880,-7.525714147
28883,-6.614163569
28910,-2.294412461
28914,-2.183862275
28917,-6.716445637
28923,-1.445460706
28935,-6.657963119
28939,-7.651349967
28943,-9.417103195
28944,-2.453975942
28951,-10.339937378
28958,-3.933920099
28959,0.222450604
28960,-5.54284641
28963,-5.634132131
28980,-11.000598074
29008,-7.726127882
29016,-5.144840588
29020,-5.724421694
29041,-1.159890357
29044,-7.55194339
29052,-2.342023187
29053,0.134620763
29056,1.412241813
29062,-6.121858326
29069,-7.286190386
29073,-5.553789136
29076,0.556969621
29088,-6.891736812
29098,-3.991547281
29111,-4.096377674
29115,-8.908897457
29118,-7.907423831
29119,-3.132479966
29125,-3.577832604
29127,-8.423889123
29130,-3.93178042
29138,-9.72825932
29141,-7.946927374
29157,0.240338887
29161,-3.656073915
29167,-6.983585253
29179,-5.648269259
29196,-6.647370053
29200,-7.304324061
29202,-2.883770228
29208,-8.679341405
29212,-3.539727431
29216,-4.702999474
29223,-8.478133894
29224,-6.396885889
29228,-11.86575998
29229,-3.792351557
29233,0.026543293
29235,-8.495895926
29239,-5.559321156
29261,-5.246909541
29264,-2.586358829
29265,-2.427001866
29286,-6.765419332
29300,-9.42232196
29301,-3.78897581
29310,-4.777441885
29316,-4.332653352
29331,-6.108531236
29334,-5.349741027
29341,-5.10728056
29350,-5.121077539
29355,-4.969563727
29360,-5.971032062
29386,-2.671438595
29387,-12.364577612
29400,-4.661868665
29414,-3.688027211
29420,-10.088249612
29422,-10.513150238
29423,-7.568792778
29428,-5.845936708
29430,-5.470527881
29431,-4.128620008
29445,-4.321328305
29456,-0.747292886
29460,-7.592142594
29474,-3.36137959
29478,-0.920994931
29488,-4.578528266
29489,-1.725872498
29494,-6.547128645
29502,-6.641101325
29505,-6.506967634
29509,-0.589669158
29533,-3.788493044
29534,-5.44942579
29536,-2.47624456
29566,-4.720213859
29571,-8.728197363
29579,-6.796192185
29585,-2.882870341
29598,-3.804297485
29602,-7.054216587
29605,-9.204103166
29608,-1.219222897
29609,-8.228213941
29611,-0.265796518
29614,-2.629554248
29617,-5.91933259
29619,-4.148634617
29631,-4.990434226
29634,-6.068824405
29642,-9.882641447
29646,-11.759205836
29650,-3.433995597
29676,-5.756053658
29677,-6.964909287
29683,-4.487304637
29693,-6.401566211
29707,-7.969417462
29720,-6.74546969
29726,-2.836827771
29734,-3.776850292
29740,-0.429982587
29743,-3.696264827
29746,-4.747636262
29753,-6.995872528
29756,-7.583378213
29768,-5.048516485
29784,-7.359590588
29789,-7.150083411
29793,-6.691425754
29795,-6.71064851
29797,-6.278759877
29803,-10.363473749
29804,-2.303450732
29810,-3.319487607
29820,-2.608507706
29823,-5.185287362
29824,-7.432445561
29827,-7.579859134
29837,-1.447825873
29838,-0.910207056
29848,-7.803551829
29857,-4.862405374
29859,-5.210882212
29862,-4.258566778
29865,-7.060838308
29866,-6.351284337
29869,-6.631060214
29870,-5.3849153
29875,-8.185948445
29878,-4.328139385
29884,-7.099381089
29885,-2.600470384
29887,-2.510154123
29895,-3.939036395
29900,-5.054908597
29912,-2.324839485
29916,-2.956606365
29924,-3.08739815
29930,-8.181022041
29939,-3.251755326
29940,-6.613680831
29942,-3.451533443
29950,-2.89391457
29956,-5.693085899
29961,-5.434375867
29964,-11.335922306
29965,-4.544133721
29974,-1.855913739
29986,-5.40831834
29987,-3.881681936
29994,-9.639372287
30001,-5.104556319
30005,-5.620869697
30021,-6.714758338
30047,-7.447244237
30057,-1.588017417
30070,-10.59554459
30071,-6.3263783
30075,-5.205010273
30079,-6.121995354
30092,-4.514669201
30094,-7.725372917
30095,-5.711546957
30097,-5.41860842
30107,-4.814359541
30108,-2.570843366
30109,-8.287281486
30115,-3.225866014
30121,-4.214708742
30122,-6.911629104
30128,-10.594796282
30133,-4.745496105
30134,-5.108693411
30138,-6.112076533
30160,-5.193409616
30161,-9.187500844
30174,-11.273019368
30175,-9.757372877
30184,-8.597394884
30196,-5.905011958
30197,-3.249327112
30222,-3.055049251
30228,-3.88020929
30229,-10.304754591
30231,-5.345807636
30233,-4.645942881
30269,3.093143003
30270,-5.19957532
30274,-4.080148632
30280,-2.124239044
30281,1.869220862
30284,-1.699929995
30287,-7.888420784
30291,-5.491352717
30293,-6.499773483
30298,-2.445526223
30302,-5.739182834
30303,-8.792480537
30310,-8.687126348
30317,-4.735903831
30320,-2.740771254
30321,-1.361393244
30351,-7.777865795
30352,-4.100961263
30362,-4.699307001
30378,-6.658958201
30379,-4.513541023
30383,-5.476028593
30406,-6.577798418
30416,-3.638546349
30431,-2.705034085
30434,-6.855298566
30441,-10.362707455
30445,-8.762226538
30460,-7.514728145
30464,-7.077513529
30465,-2.733067944
30468,-2.411524856
30471,-2.169144372
30476,-5.182585239
30487,-7.124935472
30495,-4.876598213
30496,-5.65514592
30499,-8.341925646
30509,-3.938662297
30514,-6.23821149
30515,1.098911055
30518,-4.928662897
30519,-4.398960108
30523,-6.744244007
30527,-3.214042902
30531,-3.859003204
30541,-6.342587481
30554,-6.235071543
30557,-1.252079508
30570,-0.496023826
30572,-9.477563584
30592,-8.20438128
30593,-0.688087489
30595,0.192150316
30600,-7.026605244
30614,-6.490492571
30618,-2.689783489
30619,-1.02444051
30625,-3.465184844
30626,-6.399429787
30636,-7.233135121
30640,-3.438217784
30649,-4.993985516
30653,-1.236829892
30654,1.069142415
30655,-0.742046261
30661,-5.007626568
30666,-2.195667202
30668,-4.837563281
30672,-2.240191136
30678,-9.429774539
30679,-7.784831132
30700,-9.669635131
30702,-10.877263145
30705,-2.936192554
30718,-6.808251859
30733,-5.152460276
30736,-3.419369388
30743,-4.872708847
30761,-5.345807636
30768,-10.240834982
30771,-3.56771102
30772,-1.27417989
30774,-7.85031791
30778,-9.436091268
30784,-7.621365169
30787,-2.16504302
30790,-1.99917345
30795,-9.288935142
30800,-7.030939548
30819,-6.653754875
30820,-7.95646239
30823,-6.53822915
30827,-8.041446175
30831,-8.850151071
30835,-5.510595262
30836,-2.819258828
30837,-5.61873856
30838,-8.992032877
30856,-3.347268878
30858,-7.34949215
30878,-8.122736545
30879,-3.339255045
30881,-5.212100479
30886,-6.543907708
30895,-5.091781375
30902,-6.088318501
30910,-5.430893072
30915,-6.991963179
30919,-4.333043136
30923,-5.704961954
30932,-6.409668272
30933,-5.686530693
30938,-6.383839352
30944,-4.402726742
30958,-7.716414197
30973,-4.253617063
30974,-0.253942816
30988,-7.498514419
30993,-3.792913391
30996,-4.236577881
31002,-5.062391955
31003,-6.557528156
31005,-5.560699069
31012,-7.133737411
31016,-11.961205824
31018,-7.374741085
31034,-4.373372708
31040,-6.517148398
31041,-5.05735386
31062,-8.297358074
31065,-10.009134489
31070,-2.162204945
31086,-7.079601804
31088,-3.039834169
31109,-3.613384718
31112,-7.668277805
31121,-8.683382232
31122,-9.321352685
31124,-7.760449084
31135,-3.39483044
31137,-3.828475431
31145,-6.892813954
31160,-4.241762756
31169,-6.914896141
31176,-3.02560036
31178,-3.298489813
31183,-5.322750796
31184,-7.498395224
31189,-1.952339313
31190,-9.309473791
31193,-6.51118559
31198,-7.813720662
31199,-7.213405414
31212,-5.439830851
31238,-6.663153373
31246,-4.822758619
31250,-7.284989363
31252,3.516522702
31259,-4.421297621
31280,-5.932759574
31289,-2.344001711
31304,-3.350282742
31306,-5.910403209
31314,-10.214680961
31317,-3.439633617
31318,-2.165613881
31321,-6.417290936
31337,-9.674373085
31338,-2.516836594
31347,-4.023613447
31378,-2.827089497
31381,-9.743894054
31387,-5.254557463
31397,-5.931237238
31399,-5.288985024
31403,-7.93896457
31406,-5.275731929
31414,-4.133537056
31422,-4.860638775
31432,-11.358820994
31435,-6.841933343
31439,-1.581217275
31442,-5.75408275
31455,-4.595451709
31459,-7.235642962
31464,-2.478156338
31469,-7.434648915
31472,-10.154699152
31482,-7.374054978
31483,-8.73492312
31489,-7.75496245
31495,-7.639675374
31501,-3.907262838
31503,-7.82370513
31510,-12.935668042
31515,-8.338061185
31529,-3.965407684
31539,-3.216033564
31544,-3.092317436
31546,-8.377234686
31558,-5.121941362
31566,-7.605478291
31569,-3.258661646
31570,-6.513411718
31585,-1.888635867
31590,-7.085540625
31591,-5.627269907
31605,-11.461830273
31609,-10.293617928
31610,-8.449917408
